,target,ra,dec,BJD,RV_mlc_nzp,e_RV_mlc_nzp,RV_drs_nzp,e_RV_drs_nzp,RV_mlc,e_RV_mlc,RV_drs,e_RV_drs,RV_mlc_j,e_RV_mlc_j,CRX,e_CRX,dLW,e_dLW,Halpha,e_Halpha,NaD1,e_NaD1,NaD2,e_NaD2,f_RV,FWHM_DRS,CONTRAST_DRS,BIS,RVGUESS,SNR_DRS,BJD_DRS,BERV,BERV_DRS,DRIFT,e_DRIFT,SA,NZP_mlc,dNZP_mlc,NZP_drs,dNZP_drs,TMMEAN,EXPTIME,MLCRX,E_MLCRX,TIMEID,DRIFT_LAMP,MASK,PROGID,PROGPI,AIRMASS,OBHAB,THAR_FP,DPR_TYPE,RHKp,dRHKp,vsinflag,metflag
84436,HD91379,158.18512,-19.20246,2453062.7687528,-1.369546,3.469295,-1837.666399,2.793445,-4.035336,3.400464,-1834.893261,2.691588,-4.035336,3.400464,-43.721173,31.762618,3.01091,3.471584,0.394864,0.002057,0.466587,0.003313,0.615341,0.004203,0,7.743844,28.405515,0.035413,-2,38.3,2453062.76875,4.775513,4.775952,0,-9999999,0.0,2.952862,0.68764,2.773138,0.747453,0.48,223,-43.293221,31.806871,2004-02-27T06:17:58.177,-9999999,G2,072.C-0488(E),Mayor,-9999999,HARPS_ech_obs_all,HARPS_ech_obs_objA,STAR_DARK_F6,-9999999.0,-9999999.0,-9999999,-9999999
84437,HD91379,158.18512,-19.20246,2453367.8330905,0.642385,1.64308,-1839.859116,1.415852,-6.042808,1.402121,-1840.760089,1.020534,-6.042808,1.402121,15.968142,10.920729,0.111862,1.397372,0.395441,0.000811,0.472749,0.001352,0.61106,0.001699,0,7.739464,28.226114,0.044356,-2,90.9,2453367.83309,25.729139,25.729271,0,-9999999,0.026313,-1.066541,0.856603,-0.927286,0.981401,0.44,239,16.020278,10.930445,2004-12-28T07:55:31.011,-9999999,G2,072.C-0488(E),Mayor,-9999999,HARPS_ech_obs_all,HARPS_ech_obs_objA,STAR_DARK_F6,4.55172286032388e-06,1.31750345682647e-06,0,0
84438,HD91379,158.18512,-19.20246,2453763.8326383,-0.153918,2.692291,-1840.674686,1.993216,-5.966767,2.552384,-1841.110525,1.734867,-5.966767,2.552384,-10.012651,22.787439,-7.328401,2.168136,0.399346,0.001527,0.479567,0.002434,0.620526,0.003099,0,7.737209,28.213111,0.033618,-2,51.7,2453763.83273,17.322728,17.322731,0,-9999999,0.060471,-0.194197,0.856603,-0.49631,0.9814,0.39,80,-10.131741,22.772516,2006-01-28T07:52:50.099,-9999999,G2,072.C-0488(E),Mayor,-9999999,HARPS_ech_obs_all,HARPS_ech_obs_objA,STAR_DARK_F6,2.9229319655077e-07,1.75108548722999e-06,0,0
84439,HD91379,158.18512,-19.20246,2455675.6558586,6.695966,2.906813,-1835.54313,1.965372,0.569177,2.84185,-1835.652388,1.887449,0.569177,2.84185,3.757481,25.50402,1.28563,2.697835,0.396268,0.001604,0.470929,0.002509,0.611544,0.003152,0,7.756131,28.186161,0.041158,-2,50.5,2455675.65585,-18.980851,-18.980744,0,-9999999,0.225376,-0.508137,0.611107,-0.334634,0.547927,0.5,80,3.600663,25.511188,2011-04-24T03:38:30.463,-9999999,G2,087.C-0831(A),LoCurto,-9999999,HARPS_ech_obs_all,HARPS_ech_obs_objA,STAR_DARK_F6,1.64892264075123e-05,1.24407278018534e-06,0,0
84440,HD91379,158.18512,-19.20246,2455677.5996706,-2.421261,3.43859,-1843.407954,2.466288,-8.702085,3.405772,-1843.60817,2.403323,-8.702085,3.405772,-12.742112,28.46939,5.304594,3.165093,0.395575,0.002092,0.477412,0.00316,0.617111,0.004013,0,7.754268,28.187632,0.036067,-2,40.4,2455677.59967,-19.482947,-19.482841,0,-9999999,0.225543,-0.662171,0.473938,-0.425759,0.553727,0.49,80,-13.043518,28.442671,2011-04-26T02:17:47.194,-9999999,G2,087.C-0831(A),LoCurto,-9999999,HARPS_ech_obs_all,HARPS_ech_obs_objA,STAR_DARK_F6,1.32215650626475e-05,1.48032159741142e-06,0,0
84441,HD91379,158.18512,-19.20246,2456699.6470351,-0.845457,1.38572,-1841.540899,1.060309,-5.62587,1.271631,-1840.412742,0.918234,-5.62587,1.271631,11.411898,9.997207,2.415173,1.189501,0.394683,0.000662,0.471171,0.001079,0.620896,0.001361,0,7.77049,28.175894,0.039593,-2,113.7,2456699.64702,12.155933,12.156099,0,-9999999,0.3137,0.838239,0.550614,0.814457,0.530189,0.49,600,11.554467,9.997605,2014-02-11T03:20:11.948,-9999999,G2,190.C-0027(A),Santos,-9999999,HARPS_ech_obs_all,HARPS_ech_obs_thosimult,STAR_WAVE_F6,-9999999.0,-9999999.0,-9999999,-9999999
84442,HD91379,158.18512,-19.20246,2456699.8358883,-1.064956,1.407841,-1842.157028,1.088625,-5.904654,1.295688,-1841.383894,0.950769,-5.904654,1.295688,-14.528829,11.882734,1.110991,1.205558,0.395541,0.000761,0.470457,0.001184,0.619276,0.001494,0,7.762895,28.198017,0.033801,-2,104.1,2456699.83589,11.646292,11.646421,0,-9999999,0.313717,0.778955,0.550645,0.459417,0.530229,0.52,600,-14.732345,11.887396,2014-02-11T07:51:50.216,-9999999,G2,190.C-0027(A),Santos,-9999999,HARPS_ech_obs_all,HARPS_ech_obs_thosimult,STAR_WAVE_F6,6.87502645834254e-06,9.63048886351375e-07,0,0
84443,HD91379,158.18512,-19.20246,2456702.6670596,1.096781,1.566321,-1839.753263,1.213786,-4.593927,1.476125,-1840.20131,1.034914,-4.593927,1.476125,-14.025915,11.06802,0.591327,1.291538,0.395015,0.000809,0.469409,0.001294,0.62259,0.001638,0,7.768983,28.186453,0.044358,-2,95.0,2456702.66706,10.802108,10.802231,0,-9999999,0.313961,-0.072056,0.523847,-0.762008,0.634216,0.5,600,-14.249133,11.067996,2014-02-14T03:48:46.247,-9999999,G2,190.C-0027(A),Santos,-9999999,HARPS_ech_obs_all,HARPS_ech_obs_thosimult,STAR_WAVE_F6,-9999999.0,-9999999.0,-9999999,-9999999
84444,HD91379,158.18512,-19.20246,2456702.8318399,-1.463963,1.377024,-1843.476358,1.131885,-7.206399,1.273477,-1844.234175,0.937491,-7.206399,1.273477,-2.248997,9.686248,1.022558,1.215212,0.396319,0.000745,0.473094,0.001166,0.607654,0.00147,0,7.768685,28.178838,0.040317,-2,105.9,2456702.83183,10.350778,10.350933,0,-9999999,0.313975,-0.123784,0.523881,-1.071792,0.634251,0.49,600,-2.11729,9.705433,2014-02-14T07:46:08.758,-9999999,G2,190.C-0027(A),Santos,-9999999,HARPS_ech_obs_all,HARPS_ech_obs_thosimult,STAR_WAVE_F6,5.77248310627516e-06,1.21329175489709e-06,0,0
84445,HD91379,158.18512,-19.20246,2456752.565969,4.206035,1.103847,-1839.648715,0.972796,-1.141555,0.974373,-1839.102594,0.763234,-1.141555,0.974373,2.382707,8.807854,-0.077335,0.896609,0.393757,0.000545,0.470684,0.000884,0.618829,0.001118,0,7.771421,28.20992,0.037743,-2,139.5,2456752.56596,-11.78189,-11.781714,0,-9999999,0.318265,0.271062,0.518725,0.227856,0.603163,0.5,750,2.561394,8.839234,2014-04-05T01:22:07.519,-9999999,G2,190.C-0027(A),Santos,-9999999,HARPS_ech_obs_all,HARPS_ech_obs_wavesimult,STAR_WAVE_F6,4.21735568638137e-06,1.18988866852756e-06,0,0
84446,HD91379,158.18512,-19.20246,2456752.73077,-1.537451,1.309305,-1838.592726,1.070186,-6.936775,1.202182,-1838.356413,0.884047,-6.936775,1.202182,1.836909,9.28779,-0.391546,0.983527,0.394365,0.000649,0.479733,0.001047,0.609192,0.001331,0,7.770472,28.192024,0.041458,-2,117.7,2456752.73076,-12.21483,-12.214657,0,-9999999,0.318279,0.219328,0.518689,-0.081966,0.603125,0.45,900,1.63826,9.227235,2014-04-05T05:18:56.894,-9999999,G2,190.C-0027(A),Santos,-9999999,HARPS_ech_obs_all,HARPS_ech_obs_wavesimult,STAR_WAVE_F6,8.31243582794926e-06,1.1062051218308e-06,0,0
84447,HD91379,158.18512,-19.20246,2456755.5456348,-2.106729,2.438515,-1842.396006,1.76385,-5.771986,2.28813,-1841.588451,1.465607,-5.771986,2.28813,33.08503,21.025417,-4.653872,2.477006,0.397314,0.001208,0.484626,0.001954,0.611916,0.002472,0,7.764111,28.233097,0.046794,-2,64.1,2456755.54563,-12.95038,-12.950224,0,-9999999,0.318522,1.953396,0.843099,0.489033,0.981409,0.58,900,33.350329,21.009226,2014-04-08T00:50:34.358,-9999999,G2,190.C-0027(A),Santos,-9999999,HARPS_ech_obs_all,HARPS_ech_obs_wavesimult,STAR_WAVE_F6,5.59343203502397e-06,1.34496617837346e-06,0,0
84448,HD91379,158.18512,-19.20246,2456755.7395723,-4.934424,2.412753,-1844.190661,1.736502,-8.660562,2.260666,-1843.747687,1.432598,-8.660562,2.260666,-10.608387,15.272521,-1.713208,1.982105,0.398504,0.001188,0.475036,0.001924,0.616533,0.002414,0,7.763942,28.26187,0.041425,-2,65.3,2456755.73957,-13.447718,-13.447575,0,-9999999,0.318539,1.892514,0.84307,0.124435,0.981378,0.51,900,-10.615178,15.308908,2014-04-08T05:30:54.291,-9999999,G2,190.C-0027(A),Santos,-9999999,HARPS_ech_obs_all,HARPS_ech_obs_wavesimult,STAR_WAVE_F6,5.34519146701796e-06,1.42364726733522e-06,0,0
84449,HD91379,158.18512,-19.20246,2456756.5941538,3.780518,1.587956,-1838.94964,1.198675,-2.812798,1.427193,-1839.900427,1.022504,-2.812798,1.427193,22.151616,11.876478,1.527667,1.174596,0.394294,0.000802,0.474436,0.001289,0.620292,0.001626,0,7.773156,28.192722,0.048951,-2,96.5,2456756.59415,-13.483774,-13.483619,0,-9999999,0.318612,-0.974664,0.696221,-1.269399,0.625546,0.52,600,22.256482,11.901727,2014-04-09T02:04:00.410,-9999999,G2,190.C-0027(A),Santos,-9999999,HARPS_ech_obs_all,HARPS_ech_obs_wavesimult,STAR_WAVE_F6,4.36680425351038e-06,1.20839617512491e-06,0,0
84450,HD91379,158.18512,-19.20246,2456756.7228115,-0.388901,1.35583,-1838.472629,1.066856,-7.022605,1.163432,-1839.665278,0.864236,-7.022605,1.163432,-20.307183,8.666393,-0.889746,0.993042,0.394083,0.000641,0.478504,0.001022,0.606804,0.001299,0,7.768248,28.219122,0.042047,-2,120.4,2456756.7228,-13.810857,-13.810707,0,-9999999,0.318623,-1.015052,0.696204,-1.511272,0.625523,0.51,600,-20.524228,8.60491,2014-04-09T05:09:22.939,-9999999,G2,190.C-0027(A),Santos,-9999999,HARPS_ech_obs_all,HARPS_ech_obs_wavesimult,STAR_WAVE_F6,3.76734114333277e-06,1.26640968873893e-06,0,0
84451,HD91379,158.18512,-19.20246,2456757.563475,-1.132144,1.173119,-1840.421513,0.937819,-6.589742,1.079831,-1839.990638,0.827311,-6.589742,1.079831,22.266701,6.814589,0.849946,0.989743,0.395386,0.000618,0.477978,0.000986,0.606767,0.001253,0,7.768845,28.203124,0.03979,-2,124.8,2456757.56347,-13.792531,-13.792386,1,-9999999,0.318696,0.161054,0.458446,0.112179,0.441657,0.52,600,22.131239,6.79055,2014-04-10T01:19:53.584,-9999999,G2,190.C-0027(A),Santos,-9999999,HARPS_ech_obs_all,HARPS_ech_obs_wavesimult,STAR_WAVE_F6,5.19552519278235e-06,9.43157002296656e-07,0,0
84452,HD91379,158.18512,-19.20246,2456757.740224,0.295056,1.36946,-1839.355605,1.02985,-5.218027,1.290459,-1839.256999,0.930363,-5.218027,1.290459,-7.599242,9.511455,-0.70651,1.076606,0.394339,0.0007,0.467375,0.001124,0.613886,0.001421,0,7.770359,28.212338,0.039055,-2,109.8,2456757.74022,-14.235631,-14.235481,0,-9999999,0.318711,0.105569,0.458406,-0.220105,0.441605,0.5,600,-7.514117,9.544993,2014-04-10T05:34:37.400,-9999999,G2,190.C-0027(A),Santos,-9999999,HARPS_ech_obs_all,HARPS_ech_obs_wavesimult,STAR_WAVE_F6,2.82107961203302e-06,1.44008996324166e-06,0,0
84453,HD91379,158.18512,-19.20246,2456759.5266443,-2.495307,1.44735,-1844.384574,1.199995,-7.85876,1.278015,-1843.846037,0.935536,-7.85876,1.278015,-19.982886,9.5795,-0.916524,1.201241,0.397307,0.000689,0.467099,0.001119,0.605446,0.001419,0,7.772189,28.177384,0.034649,-2,110.2,2456759.52664,-14.467615,-14.467463,1,-9999999,0.318865,0.2552,0.679338,0.219672,0.751505,0.51,600,-20.10712,9.606921,2014-04-12T00:27:05.457,-9999999,G2,190.C-0027(A),Santos,-9999999,HARPS_ech_obs_all,HARPS_ech_obs_wavesimult,STAR_WAVE_F6,4.23142646295151e-06,1.13307167515142e-06,0,0
84454,HD91379,158.18512,-19.20246,2456759.7221666,-0.551361,1.545384,-1840.897082,1.23577,-5.976192,1.388084,-1840.726106,0.981044,-5.976192,1.388084,-3.461371,9.510382,0.438744,1.332194,0.39605,0.000743,0.466477,0.001194,0.613722,0.00151,0,7.774873,28.201709,0.038867,-2,103.3,2456759.72216,-14.970311,-14.970164,0,-9999999,0.318882,0.193821,0.67929,-0.147906,0.751452,0.5,600,-3.385798,9.509237,2014-04-12T05:08:45.411,-9999999,G2,190.C-0027(A),Santos,-9999999,HARPS_ech_obs_all,HARPS_ech_obs_wavesimult,STAR_WAVE_F6,6.0266179284161e-06,1.18292614884128e-06,0,0
84455,HD91379,158.18512,-19.20246,2456760.5391947,0.879837,1.348921,-1839.450017,1.057419,-4.826867,1.268782,-1839.15445,0.928481,-4.826867,1.268782,3.865173,10.696108,-0.874187,0.931938,0.39521,0.000681,0.468245,0.001105,0.614473,0.001396,0,7.777986,28.1873,0.028079,-2,111.5,2456760.53919,-14.881493,-14.881366,1,-9999999,0.318953,-0.088052,0.458018,-0.023386,0.506021,0.53,600,3.913347,10.688328,2014-04-13T00:45:02.134,-9999999,G2,190.C-0027(A),Santos,-9999999,HARPS_ech_obs_all,HARPS_ech_obs_wavesimult,STAR_WAVE_F6,6.50666611291294e-06,1.12241241997e-06,0,0
84456,HD91379,158.18512,-19.20246,2456760.7143166,-0.772216,1.34801,-1840.35753,1.049954,-6.533894,1.267835,-1840.391173,0.920008,-6.533894,1.267835,-7.848727,10.62595,0.133551,1.073564,0.398104,0.000677,0.476446,0.001088,0.602992,0.00138,0,7.765908,28.19075,0.038124,-2,113.0,2456760.71431,-15.33244,-15.3323,0,-9999999,0.318968,-0.143026,0.457957,-0.352611,0.505952,0.49,600,-8.041908,10.635751,2014-04-13T04:57:37.419,-9999999,G2,190.C-0027(A),Santos,-9999999,HARPS_ech_obs_all,HARPS_ech_obs_wavesimult,STAR_WAVE_F6,3.28943966023244e-06,1.42242634816638e-06,0,0
