,HD,JD,RVel,e_RVel,Sind,e_Sind,Hind,e_Hind,EWHa,e_EWHa,RHKp,e_RHKp,BIS,FWHM,Tel,Bibcode
0,166620,2450602.03578,6.95,1.16,0.2123,-1,-1.0,-1,-1,-1,-1,-1,0,-1.0,HIRES-pre,2017yCat..51530208B
1,166620,2450602.98119,3.61,1.17,0.1998,-1,-1.0,-1,-1,-1,-1,-1,0,-1.0,HIRES-pre,2017yCat..51530208B
2,166620,2450603.94763,1.72,1.13,0.2048,-1,-1.0,-1,-1,-1,-1,-1,0,-1.0,HIRES-pre,2017yCat..51530208B
3,166620,2450605.01419,-0.44,1.18,0.199,-1,-1.0,-1,-1,-1,-1,-1,0,-1.0,HIRES-pre,2017yCat..51530208B
4,166620,2450605.84027,0.65,1.13,0.2073,-1,-1.0,-1,-1,-1,-1,-1,0,-1.0,HIRES-pre,2017yCat..51530208B
5,166620,2450606.10343,-1.76,1.22,0.2007,-1,-1.0,-1,-1,-1,-1,-1,0,-1.0,HIRES-pre,2017yCat..51530208B
6,166620,2450606.92719,-4.39,1.36,0.1895,-1,-1.0,-1,-1,-1,-1,-1,0,-1.0,HIRES-pre,2017yCat..51530208B
7,166620,2450607.90802,-3.95,1.23,0.1902,-1,-1.0,-1,-1,-1,-1,-1,0,-1.0,HIRES-pre,2017yCat..51530208B
8,166620,2453238.83287,2.22,1.21,0.1776,-1,0.03505,-1,-1,-1,-1,-1,0,-1.0,HIRES-post,2017yCat..51530208B
9,166620,2453238.83486,0.56,1.29,0.1779,-1,0.03511,-1,-1,-1,-1,-1,0,-1.0,HIRES-post,2017yCat..51530208B
10,166620,2453301.75444,0.83,1.47,0.176,-1,0.03529,-1,-1,-1,-1,-1,0,-1.0,HIRES-post,2017yCat..51530208B
11,166620,2453431.17222,-1.41,1.3,0.172,-1,0.03515,-1,-1,-1,-1,-1,0,-1.0,HIRES-post,2017yCat..51530208B
12,166620,2453431.17355,-0.01,1.19,0.173,-1,0.0351,-1,-1,-1,-1,-1,0,-1.0,HIRES-post,2017yCat..51530208B
13,166620,2453431.17496,-0.45,1.23,0.1736,-1,0.03513,-1,-1,-1,-1,-1,0,-1.0,HIRES-post,2017yCat..51530208B
14,166620,2453548.00981,3.52,1.29,0.1633,-1,0.03518,-1,-1,-1,-1,-1,0,-1.0,HIRES-post,2017yCat..51530208B
15,166620,2453548.01088,2.9,1.11,0.1673,-1,0.03519,-1,-1,-1,-1,-1,0,-1.0,HIRES-post,2017yCat..51530208B
16,166620,2453548.01197,4.59,1.19,0.1611,-1,0.03516,-1,-1,-1,-1,-1,0,-1.0,HIRES-post,2017yCat..51530208B
17,166620,2453604.8885,0.24,1.2,0.1779,-1,0.03502,-1,-1,-1,-1,-1,0,-1.0,HIRES-post,2017yCat..51530208B
18,166620,2453604.8897,2.25,1.09,0.1742,-1,0.03503,-1,-1,-1,-1,-1,0,-1.0,HIRES-post,2017yCat..51530208B
19,166620,2453604.89091,1.68,1.1,0.1719,-1,0.035,-1,-1,-1,-1,-1,0,-1.0,HIRES-post,2017yCat..51530208B
20,166620,2453933.91328,-0.66,1.15,0.1657,-1,0.03512,-1,-1,-1,-1,-1,0,-1.0,HIRES-post,2017yCat..51530208B
21,166620,2453933.91438,-4.04,1.24,0.1659,-1,0.0352,-1,-1,-1,-1,-1,0,-1.0,HIRES-post,2017yCat..51530208B
22,166620,2453933.91545,-0.37,1.17,0.1694,-1,0.03514,-1,-1,-1,-1,-1,0,-1.0,HIRES-post,2017yCat..51530208B
23,166620,2454634.02094,5.99,1.51,0.1545,-1,0.03525,-1,-1,-1,-1,-1,0,-1.0,HIRES-post,2017yCat..51530208B
24,166620,2454635.9412,1.15,1.42,0.1694,-1,0.03505,-1,-1,-1,-1,-1,0,-1.0,HIRES-post,2017yCat..51530208B
25,166620,2454637.0083,1.65,1.38,0.1664,-1,0.03511,-1,-1,-1,-1,-1,0,-1.0,HIRES-post,2017yCat..51530208B
26,166620,2454637.93343,0.0,1.19,0.1677,-1,0.03504,-1,-1,-1,-1,-1,0,-1.0,HIRES-post,2017yCat..51530208B
27,166620,2454638.81535,-2.03,1.47,0.1786,-1,0.03507,-1,-1,-1,-1,-1,0,-1.0,HIRES-post,2017yCat..51530208B
28,166620,2454639.99026,3.64,1.38,0.1754,-1,0.03501,-1,-1,-1,-1,-1,0,-1.0,HIRES-post,2017yCat..51530208B
29,166620,2454641.08458,3.43,1.47,0.1737,-1,0.03517,-1,-1,-1,-1,-1,0,-1.0,HIRES-post,2017yCat..51530208B
30,166620,2454641.94637,5.18,1.39,0.1716,-1,0.03508,-1,-1,-1,-1,-1,0,-1.0,HIRES-post,2017yCat..51530208B
31,166620,2454644.07961,0.64,1.52,0.1816,-1,0.03513,-1,-1,-1,-1,-1,0,-1.0,HIRES-post,2017yCat..51530208B
32,166620,2454688.88314,1.07,1.34,0.1718,-1,0.03503,-1,-1,-1,-1,-1,0,-1.0,HIRES-post,2017yCat..51530208B
33,166620,2454689.94424,-2.52,1.13,0.1769,-1,0.03498,-1,-1,-1,-1,-1,0,-1.0,HIRES-post,2017yCat..51530208B
34,166620,2454717.84552,-2.48,1.36,0.1765,-1,0.03506,-1,-1,-1,-1,-1,0,-1.0,HIRES-post,2017yCat..51530208B
35,166620,2454718.90713,1.91,1.38,0.1821,-1,0.03512,-1,-1,-1,-1,-1,0,-1.0,HIRES-post,2017yCat..51530208B
36,166620,2454719.9124,-2.9,1.52,0.1768,-1,0.03502,-1,-1,-1,-1,-1,0,-1.0,HIRES-post,2017yCat..51530208B
37,166620,2454721.87182,-2.49,1.46,0.1747,-1,0.03517,-1,-1,-1,-1,-1,0,-1.0,HIRES-post,2017yCat..51530208B
38,166620,2454722.78818,-0.77,1.4,0.1733,-1,0.03503,-1,-1,-1,-1,-1,0,-1.0,HIRES-post,2017yCat..51530208B
39,166620,2454723.80667,-4.77,1.34,0.1712,-1,0.03508,-1,-1,-1,-1,-1,0,-1.0,HIRES-post,2017yCat..51530208B
40,166620,2454724.83447,-0.11,1.41,0.1769,-1,0.03517,-1,-1,-1,-1,-1,0,-1.0,HIRES-post,2017yCat..51530208B
41,166620,2454929.14015,-1.98,1.44,0.1698,-1,0.035,-1,-1,-1,-1,-1,0,-1.0,HIRES-post,2017yCat..51530208B
42,166620,2454929.99095,-3.55,2.37,0.1762,-1,0.03508,-1,-1,-1,-1,-1,0,-1.0,HIRES-post,2017yCat..51530208B
43,166620,2454929.99624,-1.0,1.78,0.171,-1,0.0353,-1,-1,-1,-1,-1,0,-1.0,HIRES-post,2017yCat..51530208B
44,166620,2454935.03941,-4.2,1.41,0.1744,-1,0.03515,-1,-1,-1,-1,-1,0,-1.0,HIRES-post,2017yCat..51530208B
45,166620,2454957.1383,3.1,1.49,0.1656,-1,0.03502,-1,-1,-1,-1,-1,0,-1.0,HIRES-post,2017yCat..51530208B
46,166620,2455022.0454,2.08,1.48,0.1709,-1,0.03515,-1,-1,-1,-1,-1,0,-1.0,HIRES-post,2017yCat..51530208B
47,166620,2455022.04662,0.86,1.47,0.1695,-1,0.03516,-1,-1,-1,-1,-1,0,-1.0,HIRES-post,2017yCat..51530208B
48,166620,2455022.04792,-0.75,1.27,0.1667,-1,0.03512,-1,-1,-1,-1,-1,0,-1.0,HIRES-post,2017yCat..51530208B
49,166620,2455022.0492,-4.26,1.39,0.1716,-1,0.03513,-1,-1,-1,-1,-1,0,-1.0,HIRES-post,2017yCat..51530208B
50,166620,2455022.05036,2.36,1.36,0.1699,-1,0.03514,-1,-1,-1,-1,-1,0,-1.0,HIRES-post,2017yCat..51530208B
51,166620,2455023.95742,-0.11,1.31,0.1718,-1,0.03526,-1,-1,-1,-1,-1,0,-1.0,HIRES-post,2017yCat..51530208B
52,166620,2455023.96006,-0.14,1.31,0.1697,-1,0.03524,-1,-1,-1,-1,-1,0,-1.0,HIRES-post,2017yCat..51530208B
53,166620,2455023.96188,-1.17,1.29,0.1694,-1,0.03526,-1,-1,-1,-1,-1,0,-1.0,HIRES-post,2017yCat..51530208B
54,166620,2455025.02013,-0.63,1.26,0.1723,-1,0.03512,-1,-1,-1,-1,-1,0,-1.0,HIRES-post,2017yCat..51530208B
55,166620,2455025.02106,-0.07,1.24,0.1679,-1,0.03511,-1,-1,-1,-1,-1,0,-1.0,HIRES-post,2017yCat..51530208B
56,166620,2455025.02201,0.17,1.2,0.1706,-1,0.0351,-1,-1,-1,-1,-1,0,-1.0,HIRES-post,2017yCat..51530208B
57,166620,2455025.02296,-1.38,1.32,0.1665,-1,0.03508,-1,-1,-1,-1,-1,0,-1.0,HIRES-post,2017yCat..51530208B
58,166620,2455025.02392,-1.28,1.25,0.1689,-1,0.03503,-1,-1,-1,-1,-1,0,-1.0,HIRES-post,2017yCat..51530208B
59,166620,2455053.01495,0.42,1.2,0.1944,-1,0.03506,-1,-1,-1,-1,-1,0,-1.0,HIRES-post,2017yCat..51530208B
60,166620,2455053.0161,-0.19,1.14,0.2084,-1,0.03502,-1,-1,-1,-1,-1,0,-1.0,HIRES-post,2017yCat..51530208B
61,166620,2455053.01729,2.5,1.2,0.202,-1,0.03505,-1,-1,-1,-1,-1,0,-1.0,HIRES-post,2017yCat..51530208B
62,166620,2455053.01845,1.81,1.2,0.2084,-1,0.03501,-1,-1,-1,-1,-1,0,-1.0,HIRES-post,2017yCat..51530208B
63,166620,2455054.00241,2.88,1.2,0.18,-1,0.0351,-1,-1,-1,-1,-1,0,-1.0,HIRES-post,2017yCat..51530208B
64,166620,2455054.00344,0.27,1.22,0.1823,-1,0.03512,-1,-1,-1,-1,-1,0,-1.0,HIRES-post,2017yCat..51530208B
65,166620,2455054.00451,0.45,1.29,0.1825,-1,0.03511,-1,-1,-1,-1,-1,0,-1.0,HIRES-post,2017yCat..51530208B
66,166620,2455054.00556,2.25,1.18,0.1867,-1,0.03513,-1,-1,-1,-1,-1,0,-1.0,HIRES-post,2017yCat..51530208B
67,166620,2455054.00661,0.37,1.17,0.1888,-1,0.03509,-1,-1,-1,-1,-1,0,-1.0,HIRES-post,2017yCat..51530208B
68,166620,2455166.71865,-3.31,1.37,0.1909,-1,0.03518,-1,-1,-1,-1,-1,0,-1.0,HIRES-post,2017yCat..51530208B
69,166620,2455166.72028,0.16,1.38,0.1813,-1,0.03517,-1,-1,-1,-1,-1,0,-1.0,HIRES-post,2017yCat..51530208B
70,166620,2455166.72219,-5.13,1.29,0.187,-1,0.03514,-1,-1,-1,-1,-1,0,-1.0,HIRES-post,2017yCat..51530208B
71,166620,2455167.71259,1.05,1.32,0.2051,-1,0.03515,-1,-1,-1,-1,-1,0,-1.0,HIRES-post,2017yCat..51530208B
72,166620,2455167.71375,-2.44,1.21,0.2014,-1,0.03518,-1,-1,-1,-1,-1,0,-1.0,HIRES-post,2017yCat..51530208B
73,166620,2455167.71498,-3.72,1.44,0.197,-1,0.03518,-1,-1,-1,-1,-1,0,-1.0,HIRES-post,2017yCat..51530208B
74,166620,2455168.69974,-3.2,1.52,0.2035,-1,0.03505,-1,-1,-1,-1,-1,0,-1.0,HIRES-post,2017yCat..51530208B
75,166620,2455168.70134,-4.2,1.33,0.1979,-1,0.03513,-1,-1,-1,-1,-1,0,-1.0,HIRES-post,2017yCat..51530208B
76,166620,2455168.70303,-3.09,1.38,0.1903,-1,0.03515,-1,-1,-1,-1,-1,0,-1.0,HIRES-post,2017yCat..51530208B
77,166620,2455259.10626,-1.97,1.29,0.1757,-1,0.03516,-1,-1,-1,-1,-1,0,-1.0,HIRES-post,2017yCat..51530208B
78,166620,2455259.1074,-4.04,1.21,0.1814,-1,0.0351,-1,-1,-1,-1,-1,0,-1.0,HIRES-post,2017yCat..51530208B
79,166620,2455259.10863,-2.87,1.33,0.1786,-1,0.03515,-1,-1,-1,-1,-1,0,-1.0,HIRES-post,2017yCat..51530208B
80,166620,2455261.1588,3.27,1.61,0.1738,-1,0.03524,-1,-1,-1,-1,-1,0,-1.0,HIRES-post,2017yCat..51530208B
81,166620,2455339.93438,1.63,1.45,0.1796,-1,0.03522,-1,-1,-1,-1,-1,0,-1.0,HIRES-post,2017yCat..51530208B
82,166620,2455370.06369,3.71,1.19,0.1714,-1,0.03517,-1,-1,-1,-1,-1,0,-1.0,HIRES-post,2017yCat..51530208B
83,166620,2455370.06483,5.21,1.25,0.1714,-1,0.03518,-1,-1,-1,-1,-1,0,-1.0,HIRES-post,2017yCat..51530208B
84,166620,2455370.06599,4.17,1.32,0.173,-1,0.03517,-1,-1,-1,-1,-1,0,-1.0,HIRES-post,2017yCat..51530208B
85,166620,2455370.06712,5.71,1.2,0.1702,-1,0.03519,-1,-1,-1,-1,-1,0,-1.0,HIRES-post,2017yCat..51530208B
86,166620,2455370.06819,2.69,1.29,0.1714,-1,0.03514,-1,-1,-1,-1,-1,0,-1.0,HIRES-post,2017yCat..51530208B
87,166620,2455404.96523,-2.53,1.27,0.1716,-1,0.03519,-1,-1,-1,-1,-1,0,-1.0,HIRES-post,2017yCat..51530208B
88,166620,2455408.00734,-0.01,1.11,0.1751,-1,0.03514,-1,-1,-1,-1,-1,0,-1.0,HIRES-post,2017yCat..51530208B
89,166620,2455408.00836,1.89,1.18,0.1737,-1,0.03515,-1,-1,-1,-1,-1,0,-1.0,HIRES-post,2017yCat..51530208B
90,166620,2455408.00939,-0.68,1.18,0.1757,-1,0.03512,-1,-1,-1,-1,-1,0,-1.0,HIRES-post,2017yCat..51530208B
91,166620,2455409.98829,-1.09,1.35,0.1803,-1,0.0352,-1,-1,-1,-1,-1,0,-1.0,HIRES-post,2017yCat..51530208B
92,166620,2455409.98949,-1.54,1.23,0.173,-1,0.03527,-1,-1,-1,-1,-1,0,-1.0,HIRES-post,2017yCat..51530208B
93,166620,2455409.99057,-3.71,1.31,0.1762,-1,0.03523,-1,-1,-1,-1,-1,0,-1.0,HIRES-post,2017yCat..51530208B
94,166620,2455409.99166,-1.91,1.26,0.1755,-1,0.0352,-1,-1,-1,-1,-1,0,-1.0,HIRES-post,2017yCat..51530208B
95,166620,2455409.99284,-3.05,1.17,0.1798,-1,0.03522,-1,-1,-1,-1,-1,0,-1.0,HIRES-post,2017yCat..51530208B
96,166620,2455516.75877,-0.51,1.19,0.0891,-1,0.03514,-1,-1,-1,-1,-1,0,-1.0,HIRES-post,2017yCat..51530208B
97,166620,2455516.76174,-0.43,1.1,0.1042,-1,0.03512,-1,-1,-1,-1,-1,0,-1.0,HIRES-post,2017yCat..51530208B
98,166620,2455516.76352,-2.18,1.2,0.1825,-1,0.03515,-1,-1,-1,-1,-1,0,-1.0,HIRES-post,2017yCat..51530208B
99,166620,2455516.76477,0.98,1.14,0.1542,-1,0.03516,-1,-1,-1,-1,-1,0,-1.0,HIRES-post,2017yCat..51530208B
100,166620,2455665.07553,-0.92,1.23,0.1682,-1,0.03522,-1,-1,-1,-1,-1,0,-1.0,HIRES-post,2017yCat..51530208B
101,166620,2455665.0766,-2.81,1.31,0.1679,-1,0.03519,-1,-1,-1,-1,-1,0,-1.0,HIRES-post,2017yCat..51530208B
102,166620,2455665.07755,-2.27,1.36,0.1705,-1,0.03521,-1,-1,-1,-1,-1,0,-1.0,HIRES-post,2017yCat..51530208B
103,166620,2455665.07847,-1.59,1.37,0.1689,-1,0.03514,-1,-1,-1,-1,-1,0,-1.0,HIRES-post,2017yCat..51530208B
104,166620,2455704.85245,0.24,1.52,0.1743,-1,0.03521,-1,-1,-1,-1,-1,0,-1.0,HIRES-post,2017yCat..51530208B
105,166620,2455721.98438,2.2,1.44,0.17,-1,0.03522,-1,-1,-1,-1,-1,0,-1.0,HIRES-post,2017yCat..51530208B
106,166620,2455721.98686,1.72,1.42,0.1691,-1,0.03521,-1,-1,-1,-1,-1,0,-1.0,HIRES-post,2017yCat..51530208B
107,166620,2455722.07591,0.19,1.49,0.1732,-1,0.03519,-1,-1,-1,-1,-1,0,-1.0,HIRES-post,2017yCat..51530208B
108,166620,2455728.95056,3.61,1.36,0.1793,-1,0.03516,-1,-1,-1,-1,-1,0,-1.0,HIRES-post,2017yCat..51530208B
109,166620,2455731.8702,1.16,1.59,0.1672,-1,0.0352,-1,-1,-1,-1,-1,0,-1.0,HIRES-post,2017yCat..51530208B
110,166620,2455782.87028,-1.66,1.45,0.1702,-1,0.03525,-1,-1,-1,-1,-1,0,-1.0,HIRES-post,2017yCat..51530208B
111,166620,2455809.7158,1.46,1.25,0.1655,-1,0.0352,-1,-1,-1,-1,-1,0,-1.0,HIRES-post,2017yCat..51530208B
112,166620,2455992.10105,-5.72,1.36,0.1368,-1,0.03508,-1,-1,-1,-1,-1,0,-1.0,HIRES-post,2017yCat..51530208B
113,166620,2455995.08359,-4.48,1.3,0.1672,-1,0.03512,-1,-1,-1,-1,-1,0,-1.0,HIRES-post,2017yCat..51530208B
114,166620,2456178.7119,-1.17,1.33,0.1813,-1,0.0351,-1,-1,-1,-1,-1,0,-1.0,HIRES-post,2017yCat..51530208B
115,166620,2456345.17683,0.03,1.59,0.1701,-1,0.03519,-1,-1,-1,-1,-1,0,-1.0,HIRES-post,2017yCat..51530208B
116,166620,2456451.92854,1.23,1.19,0.1714,-1,0.03523,-1,-1,-1,-1,-1,0,-1.0,HIRES-post,2017yCat..51530208B
117,166620,2456452.02007,0.76,1.19,0.1748,-1,0.03514,-1,-1,-1,-1,-1,0,-1.0,HIRES-post,2017yCat..51530208B
118,166620,2456891.72118,1.4,1.53,0.1705,-1,0.0351,-1,-1,-1,-1,-1,0,-1.0,HIRES-post,2017yCat..51530208B
119,166620,2457061.18139,2.31,1.34,0.1742,-1,0.03514,-1,-1,-1,-1,-1,0,-1.0,HIRES-post,2017yCat..51530208B
120,166620,2457232.83583,-1.16,1.35,0.1753,-1,0.03496,-1,-1,-1,-1,-1,0,-1.0,HIRES-post,2017yCat..51530208B
121,166620,2457672.80793,0.21,1.47,0.1756,-1,0.03514,-1,-1,-1,-1,-1,0,-1.0,HIRES-post,2017yCat..51530208B
122,166620,2457831.16008,2.39,1.38,0.182,-1,0.03517,-1,-1,-1,-1,-1,0,-1.0,HIRES-post,2017yCat..51530208B
123,166620,2458002.83672,-0.1,1.31,0.175,-1,0.03526,-1,-1,-1,-1,-1,0,-1.0,HIRES-post,2017yCat..51530208B
124,166620,2458294.81572,3.75,1.15,-1.0,-1,-1.0,-1,-1,-1,-1,-1,0,-1.0,HIRES-post,2017yCat..51530208B
125,166620,2458305.80318,3.81,1.27,-1.0,-1,-1.0,-1,-1,-1,-1,-1,0,-1.0,HIRES-post,2017yCat..51530208B
126,166620,2458593.13878,1.77,1.27,-1.0,-1,-1.0,-1,-1,-1,-1,-1,0,-1.0,HIRES-post,2017yCat..51530208B
127,166620,2458648.93931,-0.48,1.42,-1.0,-1,-1.0,-1,-1,-1,-1,-1,0,-1.0,HIRES-post,2017yCat..51530208B
128,166620,2458648.94012,0.72,1.31,-1.0,-1,-1.0,-1,-1,-1,-1,-1,0,-1.0,HIRES-post,2017yCat..51530208B
129,166620,2458648.94102,-0.58,1.32,-1.0,-1,-1.0,-1,-1,-1,-1,-1,0,-1.0,HIRES-post,2017yCat..51530208B
130,166620,2458795.68293,2.6,1.13,-1.0,-1,-1.0,-1,-1,-1,-1,-1,0,-1.0,HIRES-post,2017yCat..51530208B
131,166620,2458917.16016,-0.13,1.4,-1.0,-1,-1.0,-1,-1,-1,-1,-1,0,-1.0,HIRES-post,2017yCat..51530208B
0,166620,2446958.9107,15.57,11.471503,-1.0,-1,-1.0,-1,-1,-1,-1,-1,0,-1.0,Hamilton,2021ApJS..255....8R
1,166620,2447046.7259,15.81,8.049712,-1.0,-1,-1.0,-1,-1,-1,-1,-1,0,-1.0,Hamilton,2021ApJS..255....8R
2,166620,2447374.8177,-56.61,10.276736,-1.0,-1,-1.0,-1,-1,-1,-1,-1,0,-1.0,Hamilton,2021ApJS..255....8R
3,166620,2447846.6262,16.71,12.571463,-1.0,-1,-1.0,-1,-1,-1,-1,-1,0,-1.0,Hamilton,2021ApJS..255....8R
4,166620,2448017.9608,-7.16,10.78435,-1.0,-1,-1.0,-1,-1,-1,-1,-1,0,-1.0,Hamilton,2021ApJS..255....8R
5,166620,2448113.7594,-17.08,9.72119,-1.0,-1,-1.0,-1,-1,-1,-1,-1,0,-1.0,Hamilton,2021ApJS..255....8R
6,166620,2448114.8295,-2.47,9.900088,-1.0,-1,-1.0,-1,-1,-1,-1,-1,0,-1.0,Hamilton,2021ApJS..255....8R
7,166620,2448374.9694,3.05,11.345592,-1.0,-1,-1.0,-1,-1,-1,-1,-1,0,-1.0,Hamilton,2021ApJS..255....8R
8,166620,2448437.9185,7.84,8.533832,-1.0,-1,-1.0,-1,-1,-1,-1,-1,0,-1.0,Hamilton,2021ApJS..255....8R
9,166620,2448789.9696,-6.05,8.593184,-1.0,-1,-1.0,-1,-1,-1,-1,-1,0,-1.0,Hamilton,2021ApJS..255....8R
10,166620,2448906.6547,22.76,8.236086,-1.0,-1,-1.0,-1,-1,-1,-1,-1,0,-1.0,Hamilton,2021ApJS..255....8R
11,166620,2449123.8713,-9.44,14.713673,-1.0,-1,-1.0,-1,-1,-1,-1,-1,0,-1.0,Hamilton,2021ApJS..255....8R
12,166620,2449123.8928,3.37,12.399945,-1.0,-1,-1.0,-1,-1,-1,-1,-1,0,-1.0,Hamilton,2021ApJS..255....8R
13,166620,2449123.9143,5.7,11.476298,-1.0,-1,-1.0,-1,-1,-1,-1,-1,0,-1.0,Hamilton,2021ApJS..255....8R
14,166620,2449171.8104,-16.02,9.11913,-1.0,-1,-1.0,-1,-1,-1,-1,-1,0,-1.0,Hamilton,2021ApJS..255....8R
15,166620,2449172.7794,-12.98,7.631522,-1.0,-1,-1.0,-1,-1,-1,-1,-1,0,-1.0,Hamilton,2021ApJS..255....8R
16,166620,2449172.7866,-15.59,7.92002,-1.0,-1,-1.0,-1,-1,-1,-1,-1,0,-1.0,Hamilton,2021ApJS..255....8R
17,166620,2449172.8145,-14.57,8.242138,-1.0,-1,-1.0,-1,-1,-1,-1,-1,0,-1.0,Hamilton,2021ApJS..255....8R
18,166620,2449172.8208,-14.9,8.675783,-1.0,-1,-1.0,-1,-1,-1,-1,-1,0,-1.0,Hamilton,2021ApJS..255....8R
19,166620,2449470.0303,12.02,7.896679,-1.0,-1,-1.0,-1,-1,-1,-1,-1,0,-1.0,Hamilton,2021ApJS..255....8R
20,166620,2449603.6962,12.64,10.833467,-1.0,-1,-1.0,-1,-1,-1,-1,-1,0,-1.0,Hamilton,2021ApJS..255....8R
21,166620,2449603.7177,14.56,10.952909,-1.0,-1,-1.0,-1,-1,-1,-1,-1,0,-1.0,Hamilton,2021ApJS..255....8R
22,166620,2449623.6565,10.6,10.250557,-1.0,-1,-1.0,-1,-1,-1,-1,-1,0,-1.0,Hamilton,2021ApJS..255....8R
23,166620,2449913.877373,5.3,3.588263,-1.0,-1,-1.0,-1,-1,-1,-1,-1,0,-1.0,Hamilton,2021ApJS..255....8R
24,166620,2450263.801758,3.44,3.132053,-1.0,-1,-1.0,-1,-1,-1,-1,-1,0,-1.0,Hamilton,2021ApJS..255....8R
25,166620,2450298.735352,5.88,3.863019,-1.0,-1,-1.0,-1,-1,-1,-1,-1,0,-1.0,Hamilton,2021ApJS..255....8R
26,166620,2450298.750977,12.01,3.355156,-1.0,-1,-1.0,-1,-1,-1,-1,-1,0,-1.0,Hamilton,2021ApJS..255....8R
27,166620,2450304.738281,15.0,3.29186,-1.0,-1,-1.0,-1,-1,-1,-1,-1,0,-1.0,Hamilton,2021ApJS..255....8R
28,166620,2450304.753906,2.64,3.17222,-1.0,-1,-1.0,-1,-1,-1,-1,-1,0,-1.0,Hamilton,2021ApJS..255....8R
29,166620,2450326.719727,-3.88,2.77251,-1.0,-1,-1.0,-1,-1,-1,-1,-1,0,-1.0,Hamilton,2021ApJS..255....8R
30,166620,2450326.734375,-4.49,2.658279,-1.0,-1,-1.0,-1,-1,-1,-1,-1,0,-1.0,Hamilton,2021ApJS..255....8R
31,166620,2450610.958008,5.92,3.808577,-1.0,-1,-1.0,-1,-1,-1,-1,-1,0,-1.0,Hamilton,2021ApJS..255....8R
32,166620,2450614.879883,-0.85,3.781088,-1.0,-1,-1.0,-1,-1,-1,-1,-1,0,-1.0,Hamilton,2021ApJS..255....8R
33,166620,2450640.884766,3.8,3.6321,-1.0,-1,-1.0,-1,-1,-1,-1,-1,0,-1.0,Hamilton,2021ApJS..255....8R
34,166620,2450656.824219,6.3,2.979149,-1.0,-1,-1.0,-1,-1,-1,-1,-1,0,-1.0,Hamilton,2021ApJS..255....8R
35,166620,2450681.766602,3.79,3.013558,-1.0,-1,-1.0,-1,-1,-1,-1,-1,0,-1.0,Hamilton,2021ApJS..255....8R
36,166620,2450976.908203,-8.04,7.118698,-1.0,-1,-1.0,-1,-1,-1,-1,-1,0,-1.0,Hamilton,2021ApJS..255....8R
37,166620,2450976.924805,9.61,10.765738,-1.0,-1,-1.0,-1,-1,-1,-1,-1,0,-1.0,Hamilton,2021ApJS..255....8R
38,166620,2451005.859375,1.2,5.338689,-1.0,-1,-1.0,-1,-1,-1,-1,-1,0,-1.0,Hamilton,2021ApJS..255....8R
39,166620,2451362.832031,3.64,4.69769,-1.0,-1,-1.0,-1,-1,-1,-1,-1,0,-1.0,Hamilton,2021ApJS..255....8R
40,166620,2451378.80957,15.29,5.47653,-1.0,-1,-1.0,-1,-1,-1,-1,-1,0,-1.0,Hamilton,2021ApJS..255....8R
41,166620,2451446.631836,3.41,5.267046,-1.0,-1,-1.0,-1,-1,-1,-1,-1,0,-1.0,Hamilton,2021ApJS..255....8R
42,166620,2451751.780273,14.14,4.053851,-1.0,-1,-1.0,-1,-1,-1,-1,-1,0,-1.0,Hamilton,2021ApJS..255....8R
43,166620,2452076.857422,14.26,4.480576,-1.0,-1,-1.0,-1,-1,-1,-1,-1,0,-1.0,Hamilton,2021ApJS..255....8R
44,166620,2452129.741211,-3.45,5.722178,-1.0,-1,-1.0,-1,-1,-1,-1,-1,0,-1.0,Hamilton,2021ApJS..255....8R
45,166620,2452129.771484,-7.52,6.159615,-1.0,-1,-1.0,-1,-1,-1,-1,-1,0,-1.0,Hamilton,2021ApJS..255....8R
46,166620,2452132.763672,-2.61,6.045113,-1.0,-1,-1.0,-1,-1,-1,-1,-1,0,-1.0,Hamilton,2021ApJS..255....8R
47,166620,2452132.792969,-10.08,6.002089,-1.0,-1,-1.0,-1,-1,-1,-1,-1,0,-1.0,Hamilton,2021ApJS..255....8R
48,166620,2452136.711914,5.74,5.806156,-1.0,-1,-1.0,-1,-1,-1,-1,-1,0,-1.0,Hamilton,2021ApJS..255....8R
49,166620,2452136.741211,-12.74,5.828233,-1.0,-1,-1.0,-1,-1,-1,-1,-1,0,-1.0,Hamilton,2021ApJS..255....8R
50,166620,2452141.74707,-2.43,5.639599,-1.0,-1,-1.0,-1,-1,-1,-1,-1,0,-1.0,Hamilton,2021ApJS..255....8R
51,166620,2452141.776367,10.04,5.359757,-1.0,-1,-1.0,-1,-1,-1,-1,-1,0,-1.0,Hamilton,2021ApJS..255....8R
52,166620,2452143.675781,-10.93,6.189333,-1.0,-1,-1.0,-1,-1,-1,-1,-1,0,-1.0,Hamilton,2021ApJS..255....8R
53,166620,2452143.705078,-3.14,6.794074,-1.0,-1,-1.0,-1,-1,-1,-1,-1,0,-1.0,Hamilton,2021ApJS..255....8R
54,166620,2452145.672852,2.2,9.616867,-1.0,-1,-1.0,-1,-1,-1,-1,-1,0,-1.0,Hamilton,2021ApJS..255....8R
55,166620,2452145.704102,1.22,9.318976,-1.0,-1,-1.0,-1,-1,-1,-1,-1,0,-1.0,Hamilton,2021ApJS..255....8R
56,166620,2452157.672852,6.54,4.245477,-1.0,-1,-1.0,-1,-1,-1,-1,-1,0,-1.0,Hamilton,2021ApJS..255....8R
57,166620,2452159.666992,8.28,4.110638,-1.0,-1,-1.0,-1,-1,-1,-1,-1,0,-1.0,Hamilton,2021ApJS..255....8R
58,166620,2452160.681641,-6.88,4.078481,-1.0,-1,-1.0,-1,-1,-1,-1,-1,0,-1.0,Hamilton,2021ApJS..255....8R
59,166620,2452167.636719,3.77,5.151769,-1.0,-1,-1.0,-1,-1,-1,-1,-1,0,-1.0,Hamilton,2021ApJS..255....8R
60,166620,2452167.666992,-13.28,6.356238,-1.0,-1,-1.0,-1,-1,-1,-1,-1,0,-1.0,Hamilton,2021ApJS..255....8R
61,166620,2452170.641602,-4.51,6.64175,-1.0,-1,-1.0,-1,-1,-1,-1,-1,0,-1.0,Hamilton,2021ApJS..255....8R
62,166620,2452170.671875,-5.44,6.550456,-1.0,-1,-1.0,-1,-1,-1,-1,-1,0,-1.0,Hamilton,2021ApJS..255....8R
63,166620,2452172.651367,2.29,7.086154,-1.0,-1,-1.0,-1,-1,-1,-1,-1,0,-1.0,Hamilton,2021ApJS..255....8R
64,166620,2452408.897461,-9.15,5.091795,-1.0,-1,-1.0,-1,-1,-1,-1,-1,0,-1.0,Hamilton,2021ApJS..255....8R
65,166620,2452408.919922,-26.63,5.454432,-1.0,-1,-1.0,-1,-1,-1,-1,-1,0,-1.0,Hamilton,2021ApJS..255....8R
66,166620,2452410.891602,8.96,5.525638,-1.0,-1,-1.0,-1,-1,-1,-1,-1,0,-1.0,Hamilton,2021ApJS..255....8R
67,166620,2452410.914062,-3.5,5.272127,-1.0,-1,-1.0,-1,-1,-1,-1,-1,0,-1.0,Hamilton,2021ApJS..255....8R
68,166620,2452410.936523,1.93,5.587872,-1.0,-1,-1.0,-1,-1,-1,-1,-1,0,-1.0,Hamilton,2021ApJS..255....8R
69,166620,2452420.974609,-4.83,5.529342,-1.0,-1,-1.0,-1,-1,-1,-1,-1,0,-1.0,Hamilton,2021ApJS..255....8R
70,166620,2452426.957296,2.5,3.323435,-1.0,-1,-1.0,-1,-1,-1,-1,-1,0,-1.0,Hamilton,2021ApJS..255....8R
71,166620,2452449.884766,-3.42,4.304611,-1.0,-1,-1.0,-1,-1,-1,-1,-1,0,-1.0,Hamilton,2021ApJS..255....8R
72,166620,2452450.96582,4.34,4.997871,-1.0,-1,-1.0,-1,-1,-1,-1,-1,0,-1.0,Hamilton,2021ApJS..255....8R
73,166620,2452450.974609,2.2,4.726634,-1.0,-1,-1.0,-1,-1,-1,-1,-1,0,-1.0,Hamilton,2021ApJS..255....8R
74,166620,2452451.928711,-3.87,4.031189,-1.0,-1,-1.0,-1,-1,-1,-1,-1,0,-1.0,Hamilton,2021ApJS..255....8R
75,166620,2452451.9375,-3.12,4.286461,-1.0,-1,-1.0,-1,-1,-1,-1,-1,0,-1.0,Hamilton,2021ApJS..255....8R
76,166620,2452474.764648,0.51,5.033579,-1.0,-1,-1.0,-1,-1,-1,-1,-1,0,-1.0,Hamilton,2021ApJS..255....8R
77,166620,2452474.787109,19.73,5.062982,-1.0,-1,-1.0,-1,-1,-1,-1,-1,0,-1.0,Hamilton,2021ApJS..255....8R
78,166620,2452474.80957,4.87,5.823074,-1.0,-1,-1.0,-1,-1,-1,-1,-1,0,-1.0,Hamilton,2021ApJS..255....8R
79,166620,2452475.769531,12.64,5.321839,-1.0,-1,-1.0,-1,-1,-1,-1,-1,0,-1.0,Hamilton,2021ApJS..255....8R
80,166620,2452475.791992,-11.43,5.172501,-1.0,-1,-1.0,-1,-1,-1,-1,-1,0,-1.0,Hamilton,2021ApJS..255....8R
81,166620,2452475.814453,-13.51,4.939352,-1.0,-1,-1.0,-1,-1,-1,-1,-1,0,-1.0,Hamilton,2021ApJS..255....8R
82,166620,2452476.775391,-19.14,5.070413,-1.0,-1,-1.0,-1,-1,-1,-1,-1,0,-1.0,Hamilton,2021ApJS..255....8R
83,166620,2452476.797852,-25.69,5.250073,-1.0,-1,-1.0,-1,-1,-1,-1,-1,0,-1.0,Hamilton,2021ApJS..255....8R
84,166620,2452476.820312,-10.44,5.179028,-1.0,-1,-1.0,-1,-1,-1,-1,-1,0,-1.0,Hamilton,2021ApJS..255....8R
85,166620,2452477.765625,-2.91,4.137251,-1.0,-1,-1.0,-1,-1,-1,-1,-1,0,-1.0,Hamilton,2021ApJS..255....8R
86,166620,2452477.789062,-4.07,4.458267,-1.0,-1,-1.0,-1,-1,-1,-1,-1,0,-1.0,Hamilton,2021ApJS..255....8R
87,166620,2452477.811523,4.14,4.923482,-1.0,-1,-1.0,-1,-1,-1,-1,-1,0,-1.0,Hamilton,2021ApJS..255....8R
88,166620,2452478.767578,-12.97,4.184866,-1.0,-1,-1.0,-1,-1,-1,-1,-1,0,-1.0,Hamilton,2021ApJS..255....8R
89,166620,2452478.790039,31.21,4.872722,-1.0,-1,-1.0,-1,-1,-1,-1,-1,0,-1.0,Hamilton,2021ApJS..255....8R
90,166620,2452478.818359,0.47,4.535856,-1.0,-1,-1.0,-1,-1,-1,-1,-1,0,-1.0,Hamilton,2021ApJS..255....8R
91,166620,2452492.741211,4.4,3.192486,-1.0,-1,-1.0,-1,-1,-1,-1,-1,0,-1.0,Hamilton,2021ApJS..255....8R
92,166620,2452492.75293,4.24,3.064175,-1.0,-1,-1.0,-1,-1,-1,-1,-1,0,-1.0,Hamilton,2021ApJS..255....8R
93,166620,2452493.714844,-9.59,3.205806,-1.0,-1,-1.0,-1,-1,-1,-1,-1,0,-1.0,Hamilton,2021ApJS..255....8R
94,166620,2452508.65918,-5.83,4.636166,-1.0,-1,-1.0,-1,-1,-1,-1,-1,0,-1.0,Hamilton,2021ApJS..255....8R
95,166620,2452508.666992,-5.91,3.568889,-1.0,-1,-1.0,-1,-1,-1,-1,-1,0,-1.0,Hamilton,2021ApJS..255....8R
96,166620,2452508.675781,-1.45,3.319162,-1.0,-1,-1.0,-1,-1,-1,-1,-1,0,-1.0,Hamilton,2021ApJS..255....8R
97,166620,2452509.667969,-2.08,3.177448,-1.0,-1,-1.0,-1,-1,-1,-1,-1,0,-1.0,Hamilton,2021ApJS..255....8R
98,166620,2452509.675781,-2.09,3.449379,-1.0,-1,-1.0,-1,-1,-1,-1,-1,0,-1.0,Hamilton,2021ApJS..255....8R
99,166620,2452511.746094,1.65,2.973674,-1.0,-1,-1.0,-1,-1,-1,-1,-1,0,-1.0,Hamilton,2021ApJS..255....8R
100,166620,2452512.65918,0.27,3.083075,-1.0,-1,-1.0,-1,-1,-1,-1,-1,0,-1.0,Hamilton,2021ApJS..255....8R
101,166620,2452512.666016,-4.67,3.163437,-1.0,-1,-1.0,-1,-1,-1,-1,-1,0,-1.0,Hamilton,2021ApJS..255....8R
102,166620,2452513.65918,-4.08,3.140022,-1.0,-1,-1.0,-1,-1,-1,-1,-1,0,-1.0,Hamilton,2021ApJS..255....8R
103,166620,2452513.667969,-1.64,3.153009,-1.0,-1,-1.0,-1,-1,-1,-1,-1,0,-1.0,Hamilton,2021ApJS..255....8R
104,166620,2452534.62793,-1.09,3.453067,-1.0,-1,-1.0,-1,-1,-1,-1,-1,0,-1.0,Hamilton,2021ApJS..255....8R
105,166620,2452534.635742,0.74,3.491542,-1.0,-1,-1.0,-1,-1,-1,-1,-1,0,-1.0,Hamilton,2021ApJS..255....8R
106,166620,2452535.635742,4.01,3.4517,-1.0,-1,-1.0,-1,-1,-1,-1,-1,0,-1.0,Hamilton,2021ApJS..255....8R
107,166620,2452738.986328,0.24,4.146544,-1.0,-1,-1.0,-1,-1,-1,-1,-1,0,-1.0,Hamilton,2021ApJS..255....8R
108,166620,2452739.007812,2.38,3.790732,-1.0,-1,-1.0,-1,-1,-1,-1,-1,0,-1.0,Hamilton,2021ApJS..255....8R
109,166620,2452811.84375,0.01,3.42594,-1.0,-1,-1.0,-1,-1,-1,-1,-1,0,-1.0,Hamilton,2021ApJS..255....8R
110,166620,2452811.858398,3.67,3.830951,-1.0,-1,-1.0,-1,-1,-1,-1,-1,0,-1.0,Hamilton,2021ApJS..255....8R
111,166620,2452811.878906,5.83,3.588079,-1.0,-1,-1.0,-1,-1,-1,-1,-1,0,-1.0,Hamilton,2021ApJS..255....8R
112,166620,2452811.900391,8.96,3.77821,-1.0,-1,-1.0,-1,-1,-1,-1,-1,0,-1.0,Hamilton,2021ApJS..255....8R
113,166620,2452811.917969,-3.84,4.871211,-1.0,-1,-1.0,-1,-1,-1,-1,-1,0,-1.0,Hamilton,2021ApJS..255....8R
114,166620,2452812.860352,4.85,3.235842,-1.0,-1,-1.0,-1,-1,-1,-1,-1,0,-1.0,Hamilton,2021ApJS..255....8R
115,166620,2452812.870117,-0.62,3.588102,-1.0,-1,-1.0,-1,-1,-1,-1,-1,0,-1.0,Hamilton,2021ApJS..255....8R
116,166620,2452813.850586,4.52,3.275904,-1.0,-1,-1.0,-1,-1,-1,-1,-1,0,-1.0,Hamilton,2021ApJS..255....8R
117,166620,2452813.862305,3.73,3.583726,-1.0,-1,-1.0,-1,-1,-1,-1,-1,0,-1.0,Hamilton,2021ApJS..255....8R
118,166620,2452831.884766,-4.04,3.089649,-1.0,-1,-1.0,-1,-1,-1,-1,-1,0,-1.0,Hamilton,2021ApJS..255....8R
119,166620,2452831.897461,0.08,3.237508,-1.0,-1,-1.0,-1,-1,-1,-1,-1,0,-1.0,Hamilton,2021ApJS..255....8R
120,166620,2452833.862305,1.46,3.2168,-1.0,-1,-1.0,-1,-1,-1,-1,-1,0,-1.0,Hamilton,2021ApJS..255....8R
121,166620,2452833.873047,-2.71,2.876871,-1.0,-1,-1.0,-1,-1,-1,-1,-1,0,-1.0,Hamilton,2021ApJS..255....8R
122,166620,2452841.758789,-1.2,7.748268,-1.0,-1,-1.0,-1,-1,-1,-1,-1,0,-1.0,Hamilton,2021ApJS..255....8R
123,166620,2452841.78125,-1.89,6.729419,-1.0,-1,-1.0,-1,-1,-1,-1,-1,0,-1.0,Hamilton,2021ApJS..255....8R
124,166620,2452841.801758,-11.7,7.418148,-1.0,-1,-1.0,-1,-1,-1,-1,-1,0,-1.0,Hamilton,2021ApJS..255....8R
125,166620,2452842.774414,-1.24,6.001399,-1.0,-1,-1.0,-1,-1,-1,-1,-1,0,-1.0,Hamilton,2021ApJS..255....8R
126,166620,2452842.796875,15.1,5.613743,-1.0,-1,-1.0,-1,-1,-1,-1,-1,0,-1.0,Hamilton,2021ApJS..255....8R
127,166620,2452842.819336,9.52,6.57556,-1.0,-1,-1.0,-1,-1,-1,-1,-1,0,-1.0,Hamilton,2021ApJS..255....8R
128,166620,2452843.768555,21.2,7.073192,-1.0,-1,-1.0,-1,-1,-1,-1,-1,0,-1.0,Hamilton,2021ApJS..255....8R
129,166620,2452843.791016,13.45,6.407258,-1.0,-1,-1.0,-1,-1,-1,-1,-1,0,-1.0,Hamilton,2021ApJS..255....8R
130,166620,2452843.814453,-3.6,6.015975,-1.0,-1,-1.0,-1,-1,-1,-1,-1,0,-1.0,Hamilton,2021ApJS..255....8R
131,166620,2452845.748047,-0.68,7.611169,-1.0,-1,-1.0,-1,-1,-1,-1,-1,0,-1.0,Hamilton,2021ApJS..255....8R
132,166620,2452845.768555,-11.93,8.772214,-1.0,-1,-1.0,-1,-1,-1,-1,-1,0,-1.0,Hamilton,2021ApJS..255....8R
133,166620,2452853.758789,-4.13,9.167855,-1.0,-1,-1.0,-1,-1,-1,-1,-1,0,-1.0,Hamilton,2021ApJS..255....8R
134,166620,2452853.78125,-5.69,9.485914,-1.0,-1,-1.0,-1,-1,-1,-1,-1,0,-1.0,Hamilton,2021ApJS..255....8R
135,166620,2452853.803711,8.97,8.231582,-1.0,-1,-1.0,-1,-1,-1,-1,-1,0,-1.0,Hamilton,2021ApJS..255....8R
136,166620,2452893.71582,-1.58,3.243935,-1.0,-1,-1.0,-1,-1,-1,-1,-1,0,-1.0,Hamilton,2021ApJS..255....8R
137,166620,2452894.674805,-2.47,3.548711,-1.0,-1,-1.0,-1,-1,-1,-1,-1,0,-1.0,Hamilton,2021ApJS..255....8R
138,166620,2452895.668945,-1.93,3.422823,-1.0,-1,-1.0,-1,-1,-1,-1,-1,0,-1.0,Hamilton,2021ApJS..255....8R
139,166620,2452895.685547,-0.19,3.122532,-1.0,-1,-1.0,-1,-1,-1,-1,-1,0,-1.0,Hamilton,2021ApJS..255....8R
140,166620,2452896.663086,0.39,3.073282,-1.0,-1,-1.0,-1,-1,-1,-1,-1,0,-1.0,Hamilton,2021ApJS..255....8R
141,166620,2452896.671875,-3.26,3.135422,-1.0,-1,-1.0,-1,-1,-1,-1,-1,0,-1.0,Hamilton,2021ApJS..255....8R
142,166620,2452897.682617,-2.3,3.34532,-1.0,-1,-1.0,-1,-1,-1,-1,-1,0,-1.0,Hamilton,2021ApJS..255....8R
143,166620,2452910.641602,-6.78,4.423464,-1.0,-1,-1.0,-1,-1,-1,-1,-1,0,-1.0,Hamilton,2021ApJS..255....8R
144,166620,2452910.664062,-7.67,4.131316,-1.0,-1,-1.0,-1,-1,-1,-1,-1,0,-1.0,Hamilton,2021ApJS..255....8R
145,166620,2452910.686523,0.45,4.367133,-1.0,-1,-1.0,-1,-1,-1,-1,-1,0,-1.0,Hamilton,2021ApJS..255....8R
146,166620,2452911.635742,-2.36,5.115709,-1.0,-1,-1.0,-1,-1,-1,-1,-1,0,-1.0,Hamilton,2021ApJS..255....8R
147,166620,2452911.658203,-15.81,5.121658,-1.0,-1,-1.0,-1,-1,-1,-1,-1,0,-1.0,Hamilton,2021ApJS..255....8R
148,166620,2452911.680664,-11.88,5.672194,-1.0,-1,-1.0,-1,-1,-1,-1,-1,0,-1.0,Hamilton,2021ApJS..255....8R
149,166620,2452912.631836,-4.4,4.905712,-1.0,-1,-1.0,-1,-1,-1,-1,-1,0,-1.0,Hamilton,2021ApJS..255....8R
150,166620,2452912.654297,-3.35,4.689336,-1.0,-1,-1.0,-1,-1,-1,-1,-1,0,-1.0,Hamilton,2021ApJS..255....8R
151,166620,2452912.677734,-3.02,5.159659,-1.0,-1,-1.0,-1,-1,-1,-1,-1,0,-1.0,Hamilton,2021ApJS..255....8R
152,166620,2452926.624023,-4.34,5.486126,-1.0,-1,-1.0,-1,-1,-1,-1,-1,0,-1.0,Hamilton,2021ApJS..255....8R
153,166620,2452926.646484,-5.18,5.617181,-1.0,-1,-1.0,-1,-1,-1,-1,-1,0,-1.0,Hamilton,2021ApJS..255....8R
154,166620,2452926.668945,13.09,5.673832,-1.0,-1,-1.0,-1,-1,-1,-1,-1,0,-1.0,Hamilton,2021ApJS..255....8R
155,166620,2452937.621094,4.71,4.767198,-1.0,-1,-1.0,-1,-1,-1,-1,-1,0,-1.0,Hamilton,2021ApJS..255....8R
156,166620,2452937.643555,-5.12,4.389595,-1.0,-1,-1.0,-1,-1,-1,-1,-1,0,-1.0,Hamilton,2021ApJS..255....8R
157,166620,2452937.666992,-0.01,4.168305,-1.0,-1,-1.0,-1,-1,-1,-1,-1,0,-1.0,Hamilton,2021ApJS..255....8R
158,166620,2452938.623047,4.32,4.636018,-1.0,-1,-1.0,-1,-1,-1,-1,-1,0,-1.0,Hamilton,2021ApJS..255....8R
159,166620,2452938.645508,-9.08,4.459482,-1.0,-1,-1.0,-1,-1,-1,-1,-1,0,-1.0,Hamilton,2021ApJS..255....8R
160,166620,2452938.667969,-4.66,4.735281,-1.0,-1,-1.0,-1,-1,-1,-1,-1,0,-1.0,Hamilton,2021ApJS..255....8R
161,166620,2452939.605469,1.97,4.490356,-1.0,-1,-1.0,-1,-1,-1,-1,-1,0,-1.0,Hamilton,2021ApJS..255....8R
162,166620,2452939.62793,-3.23,4.018783,-1.0,-1,-1.0,-1,-1,-1,-1,-1,0,-1.0,Hamilton,2021ApJS..255....8R
163,166620,2452939.650391,-4.2,3.881897,-1.0,-1,-1.0,-1,-1,-1,-1,-1,0,-1.0,Hamilton,2021ApJS..255....8R
164,166620,2453073.050781,-3.62,4.576081,-1.0,-1,-1.0,-1,-1,-1,-1,-1,0,-1.0,Hamilton,2021ApJS..255....8R
165,166620,2453130.995117,-4.8,3.902316,-1.0,-1,-1.0,-1,-1,-1,-1,-1,0,-1.0,Hamilton,2021ApJS..255....8R
166,166620,2453131.00293,-4.69,3.943631,-1.0,-1,-1.0,-1,-1,-1,-1,-1,0,-1.0,Hamilton,2021ApJS..255....8R
167,166620,2453148.956055,11.18,5.677648,-1.0,-1,-1.0,-1,-1,-1,-1,-1,0,-1.0,Hamilton,2021ApJS..255....8R
168,166620,2453148.978516,-1.11,5.93498,-1.0,-1,-1.0,-1,-1,-1,-1,-1,0,-1.0,Hamilton,2021ApJS..255....8R
169,166620,2453149.914062,-25.47,7.288928,-1.0,-1,-1.0,-1,-1,-1,-1,-1,0,-1.0,Hamilton,2021ApJS..255....8R
170,166620,2453149.9375,-25.1,8.667159,-1.0,-1,-1.0,-1,-1,-1,-1,-1,0,-1.0,Hamilton,2021ApJS..255....8R
171,166620,2453149.959961,-8.22,7.472935,-1.0,-1,-1.0,-1,-1,-1,-1,-1,0,-1.0,Hamilton,2021ApJS..255....8R
172,166620,2453150.875,-2.64,5.201465,-1.0,-1,-1.0,-1,-1,-1,-1,-1,0,-1.0,Hamilton,2021ApJS..255....8R
173,166620,2453150.896484,-2.13,4.758503,-1.0,-1,-1.0,-1,-1,-1,-1,-1,0,-1.0,Hamilton,2021ApJS..255....8R
174,166620,2453150.922852,3.63,5.374624,-1.0,-1,-1.0,-1,-1,-1,-1,-1,0,-1.0,Hamilton,2021ApJS..255....8R
175,166620,2453154.943359,5.91,3.569754,-1.0,-1,-1.0,-1,-1,-1,-1,-1,0,-1.0,Hamilton,2021ApJS..255....8R
176,166620,2453155.873047,-1.41,3.279227,-1.0,-1,-1.0,-1,-1,-1,-1,-1,0,-1.0,Hamilton,2021ApJS..255....8R
177,166620,2453155.879883,-5.74,3.509945,-1.0,-1,-1.0,-1,-1,-1,-1,-1,0,-1.0,Hamilton,2021ApJS..255....8R
178,166620,2453156.884766,9.75,3.450416,-1.0,-1,-1.0,-1,-1,-1,-1,-1,0,-1.0,Hamilton,2021ApJS..255....8R
179,166620,2453156.895508,-4.26,3.182764,-1.0,-1,-1.0,-1,-1,-1,-1,-1,0,-1.0,Hamilton,2021ApJS..255....8R
180,166620,2453157.926758,-2.28,3.164016,-1.0,-1,-1.0,-1,-1,-1,-1,-1,0,-1.0,Hamilton,2021ApJS..255....8R
181,166620,2453161.87793,-8.83,4.919476,-1.0,-1,-1.0,-1,-1,-1,-1,-1,0,-1.0,Hamilton,2021ApJS..255....8R
182,166620,2453161.900391,-7.56,4.107403,-1.0,-1,-1.0,-1,-1,-1,-1,-1,0,-1.0,Hamilton,2021ApJS..255....8R
183,166620,2453161.922852,-5.56,4.623581,-1.0,-1,-1.0,-1,-1,-1,-1,-1,0,-1.0,Hamilton,2021ApJS..255....8R
184,166620,2453162.863281,3.71,4.954307,-1.0,-1,-1.0,-1,-1,-1,-1,-1,0,-1.0,Hamilton,2021ApJS..255....8R
185,166620,2453162.885742,9.46,5.523918,-1.0,-1,-1.0,-1,-1,-1,-1,-1,0,-1.0,Hamilton,2021ApJS..255....8R
186,166620,2453162.90918,5.15,5.046044,-1.0,-1,-1.0,-1,-1,-1,-1,-1,0,-1.0,Hamilton,2021ApJS..255....8R
187,166620,2453188.801435,-19.22,5.005665,-1.0,-1,-1.0,-1,-1,-1,-1,-1,0,-1.0,Hamilton,2021ApJS..255....8R
188,166620,2453188.823565,-29.39,5.466548,-1.0,-1,-1.0,-1,-1,-1,-1,-1,0,-1.0,Hamilton,2021ApJS..255....8R
189,166620,2453188.8461,-18.12,5.395453,-1.0,-1,-1.0,-1,-1,-1,-1,-1,0,-1.0,Hamilton,2021ApJS..255....8R
190,166620,2453191.881836,4.05,4.69702,-1.0,-1,-1.0,-1,-1,-1,-1,-1,0,-1.0,Hamilton,2021ApJS..255....8R
191,166620,2453191.905273,0.23,5.698418,-1.0,-1,-1.0,-1,-1,-1,-1,-1,0,-1.0,Hamilton,2021ApJS..255....8R
192,166620,2453191.927734,1.17,5.496547,-1.0,-1,-1.0,-1,-1,-1,-1,-1,0,-1.0,Hamilton,2021ApJS..255....8R
193,166620,2453192.902344,-9.29,5.585274,-1.0,-1,-1.0,-1,-1,-1,-1,-1,0,-1.0,Hamilton,2021ApJS..255....8R
194,166620,2453192.924805,-7.22,6.361925,-1.0,-1,-1.0,-1,-1,-1,-1,-1,0,-1.0,Hamilton,2021ApJS..255....8R
195,166620,2453192.947266,-3.62,5.963028,-1.0,-1,-1.0,-1,-1,-1,-1,-1,0,-1.0,Hamilton,2021ApJS..255....8R
196,166620,2453200.802734,-1.72,5.29064,-1.0,-1,-1.0,-1,-1,-1,-1,-1,0,-1.0,Hamilton,2021ApJS..255....8R
197,166620,2453200.825195,11.14,5.74231,-1.0,-1,-1.0,-1,-1,-1,-1,-1,0,-1.0,Hamilton,2021ApJS..255....8R
198,166620,2453200.847656,15.03,5.833876,-1.0,-1,-1.0,-1,-1,-1,-1,-1,0,-1.0,Hamilton,2021ApJS..255....8R
199,166620,2453201.770508,-8.88,5.549126,-1.0,-1,-1.0,-1,-1,-1,-1,-1,0,-1.0,Hamilton,2021ApJS..255....8R
200,166620,2453201.792969,5.15,5.316341,-1.0,-1,-1.0,-1,-1,-1,-1,-1,0,-1.0,Hamilton,2021ApJS..255....8R
201,166620,2453201.81543,-6.99,4.994333,-1.0,-1,-1.0,-1,-1,-1,-1,-1,0,-1.0,Hamilton,2021ApJS..255....8R
202,166620,2453202.825195,-11.28,6.38874,-1.0,-1,-1.0,-1,-1,-1,-1,-1,0,-1.0,Hamilton,2021ApJS..255....8R
203,166620,2453202.87207,-6.1,5.769138,-1.0,-1,-1.0,-1,-1,-1,-1,-1,0,-1.0,Hamilton,2021ApJS..255....8R
204,166620,2453202.895508,-3.55,6.323471,-1.0,-1,-1.0,-1,-1,-1,-1,-1,0,-1.0,Hamilton,2021ApJS..255....8R
205,166620,2453203.750977,-13.61,5.194283,-1.0,-1,-1.0,-1,-1,-1,-1,-1,0,-1.0,Hamilton,2021ApJS..255....8R
206,166620,2453203.774414,2.29,5.668272,-1.0,-1,-1.0,-1,-1,-1,-1,-1,0,-1.0,Hamilton,2021ApJS..255....8R
207,166620,2453203.796875,3.53,5.232242,-1.0,-1,-1.0,-1,-1,-1,-1,-1,0,-1.0,Hamilton,2021ApJS..255....8R
208,166620,2453210.839844,7.41,3.226529,-1.0,-1,-1.0,-1,-1,-1,-1,-1,0,-1.0,Hamilton,2021ApJS..255....8R
209,166620,2453211.794922,2.39,3.195849,-1.0,-1,-1.0,-1,-1,-1,-1,-1,0,-1.0,Hamilton,2021ApJS..255....8R
210,166620,2453212.791992,2.64,3.21116,-1.0,-1,-1.0,-1,-1,-1,-1,-1,0,-1.0,Hamilton,2021ApJS..255....8R
211,166620,2453215.713867,-7.35,5.100083,-1.0,-1,-1.0,-1,-1,-1,-1,-1,0,-1.0,Hamilton,2021ApJS..255....8R
212,166620,2453215.735352,-1.47,5.270635,-1.0,-1,-1.0,-1,-1,-1,-1,-1,0,-1.0,Hamilton,2021ApJS..255....8R
213,166620,2453215.758789,0.89,5.196962,-1.0,-1,-1.0,-1,-1,-1,-1,-1,0,-1.0,Hamilton,2021ApJS..255....8R
214,166620,2453217.736328,6.02,6.261378,-1.0,-1,-1.0,-1,-1,-1,-1,-1,0,-1.0,Hamilton,2021ApJS..255....8R
215,166620,2453217.758789,10.7,5.591359,-1.0,-1,-1.0,-1,-1,-1,-1,-1,0,-1.0,Hamilton,2021ApJS..255....8R
216,166620,2453217.78125,9.18,5.760537,-1.0,-1,-1.0,-1,-1,-1,-1,-1,0,-1.0,Hamilton,2021ApJS..255....8R
217,166620,2453218.742188,-12.43,5.519371,-1.0,-1,-1.0,-1,-1,-1,-1,-1,0,-1.0,Hamilton,2021ApJS..255....8R
218,166620,2453218.764648,6.39,5.842611,-1.0,-1,-1.0,-1,-1,-1,-1,-1,0,-1.0,Hamilton,2021ApJS..255....8R
219,166620,2453218.787109,11.26,6.204592,-1.0,-1,-1.0,-1,-1,-1,-1,-1,0,-1.0,Hamilton,2021ApJS..255....8R
220,166620,2453219.717773,0.69,5.541682,-1.0,-1,-1.0,-1,-1,-1,-1,-1,0,-1.0,Hamilton,2021ApJS..255....8R
221,166620,2453219.740234,14.79,5.570703,-1.0,-1,-1.0,-1,-1,-1,-1,-1,0,-1.0,Hamilton,2021ApJS..255....8R
222,166620,2453219.762695,7.82,5.493008,-1.0,-1,-1.0,-1,-1,-1,-1,-1,0,-1.0,Hamilton,2021ApJS..255....8R
223,166620,2453220.742188,4.59,6.222437,-1.0,-1,-1.0,-1,-1,-1,-1,-1,0,-1.0,Hamilton,2021ApJS..255....8R
224,166620,2453220.763672,-12.82,5.696836,-1.0,-1,-1.0,-1,-1,-1,-1,-1,0,-1.0,Hamilton,2021ApJS..255....8R
225,166620,2453220.787109,10.23,6.478532,-1.0,-1,-1.0,-1,-1,-1,-1,-1,0,-1.0,Hamilton,2021ApJS..255....8R
226,166620,2453221.742188,-11.1,5.458932,-1.0,-1,-1.0,-1,-1,-1,-1,-1,0,-1.0,Hamilton,2021ApJS..255....8R
227,166620,2453221.764648,-4.0,5.405624,-1.0,-1,-1.0,-1,-1,-1,-1,-1,0,-1.0,Hamilton,2021ApJS..255....8R
228,166620,2453221.787109,12.32,5.44495,-1.0,-1,-1.0,-1,-1,-1,-1,-1,0,-1.0,Hamilton,2021ApJS..255....8R
229,166620,2453222.773438,17.68,5.50456,-1.0,-1,-1.0,-1,-1,-1,-1,-1,0,-1.0,Hamilton,2021ApJS..255....8R
230,166620,2453222.795898,3.12,5.488284,-1.0,-1,-1.0,-1,-1,-1,-1,-1,0,-1.0,Hamilton,2021ApJS..255....8R
231,166620,2453222.818359,-0.3,5.394401,-1.0,-1,-1.0,-1,-1,-1,-1,-1,0,-1.0,Hamilton,2021ApJS..255....8R
232,166620,2453236.673924,2.37,5.257734,-1.0,-1,-1.0,-1,-1,-1,-1,-1,0,-1.0,Hamilton,2021ApJS..255....8R
233,166620,2453236.696667,-9.73,6.261767,-1.0,-1,-1.0,-1,-1,-1,-1,-1,0,-1.0,Hamilton,2021ApJS..255....8R
234,166620,2453236.719572,-4.7,5.627584,-1.0,-1,-1.0,-1,-1,-1,-1,-1,0,-1.0,Hamilton,2021ApJS..255....8R
235,166620,2453237.673828,-14.0,4.507011,-1.0,-1,-1.0,-1,-1,-1,-1,-1,0,-1.0,Hamilton,2021ApJS..255....8R
236,166620,2453237.697266,11.52,4.896133,-1.0,-1,-1.0,-1,-1,-1,-1,-1,0,-1.0,Hamilton,2021ApJS..255....8R
237,166620,2453237.719727,5.49,4.723763,-1.0,-1,-1.0,-1,-1,-1,-1,-1,0,-1.0,Hamilton,2021ApJS..255....8R
238,166620,2453238.677734,-9.62,5.124828,-1.0,-1,-1.0,-1,-1,-1,-1,-1,0,-1.0,Hamilton,2021ApJS..255....8R
239,166620,2453238.699219,-4.91,5.434181,-1.0,-1,-1.0,-1,-1,-1,-1,-1,0,-1.0,Hamilton,2021ApJS..255....8R
240,166620,2453238.722656,-17.1,4.650864,-1.0,-1,-1.0,-1,-1,-1,-1,-1,0,-1.0,Hamilton,2021ApJS..255....8R
241,166620,2453239.681641,1.19,5.478063,-1.0,-1,-1.0,-1,-1,-1,-1,-1,0,-1.0,Hamilton,2021ApJS..255....8R
242,166620,2453239.705078,-3.95,5.318916,-1.0,-1,-1.0,-1,-1,-1,-1,-1,0,-1.0,Hamilton,2021ApJS..255....8R
243,166620,2453239.727539,-1.82,5.196609,-1.0,-1,-1.0,-1,-1,-1,-1,-1,0,-1.0,Hamilton,2021ApJS..255....8R
244,166620,2453250.731445,-8.9,3.06037,-1.0,-1,-1.0,-1,-1,-1,-1,-1,0,-1.0,Hamilton,2021ApJS..255....8R
245,166620,2453251.736328,-4.08,3.384107,-1.0,-1,-1.0,-1,-1,-1,-1,-1,0,-1.0,Hamilton,2021ApJS..255....8R
246,166620,2453514.910683,1.34,3.574647,-1.0,-1,-1.0,-1,-1,-1,-1,-1,0,-1.0,Hamilton,2021ApJS..255....8R
247,166620,2453515.987442,-11.57,3.790608,-1.0,-1,-1.0,-1,-1,-1,-1,-1,0,-1.0,Hamilton,2021ApJS..255....8R
248,166620,2453543.873067,0.93,3.542144,-1.0,-1,-1.0,-1,-1,-1,-1,-1,0,-1.0,Hamilton,2021ApJS..255....8R
249,166620,2453544.853148,4.12,3.814651,-1.0,-1,-1.0,-1,-1,-1,-1,-1,0,-1.0,Hamilton,2021ApJS..255....8R
250,166620,2453545.919919,-6.79,3.181741,-1.0,-1,-1.0,-1,-1,-1,-1,-1,0,-1.0,Hamilton,2021ApJS..255....8R
251,166620,2453567.832743,7.62,3.784894,-1.0,-1,-1.0,-1,-1,-1,-1,-1,0,-1.0,Hamilton,2021ApJS..255....8R
252,166620,2453568.818692,-0.67,3.401563,-1.0,-1,-1.0,-1,-1,-1,-1,-1,0,-1.0,Hamilton,2021ApJS..255....8R
253,166620,2453636.660509,-7.0,3.306364,-1.0,-1,-1.0,-1,-1,-1,-1,-1,0,-1.0,Hamilton,2021ApJS..255....8R
254,166620,2453866.816481,3.68,3.780472,-1.0,-1,-1.0,-1,-1,-1,-1,-1,0,-1.0,Hamilton,2021ApJS..255....8R
255,166620,2453867.852836,-4.81,3.755118,-1.0,-1,-1.0,-1,-1,-1,-1,-1,0,-1.0,Hamilton,2021ApJS..255....8R
256,166620,2453867.928507,-4.11,3.031221,-1.0,-1,-1.0,-1,-1,-1,-1,-1,0,-1.0,Hamilton,2021ApJS..255....8R
257,166620,2453868.859722,1.09,3.273021,-1.0,-1,-1.0,-1,-1,-1,-1,-1,0,-1.0,Hamilton,2021ApJS..255....8R
258,166620,2453869.933588,-1.65,4.210753,-1.0,-1,-1.0,-1,-1,-1,-1,-1,0,-1.0,Hamilton,2021ApJS..255....8R
259,166620,2453954.700509,7.39,3.270756,-1.0,-1,-1.0,-1,-1,-1,-1,-1,0,-1.0,Hamilton,2021ApJS..255....8R
260,166620,2453958.745231,0.69,3.315262,-1.0,-1,-1.0,-1,-1,-1,-1,-1,0,-1.0,Hamilton,2021ApJS..255....8R
261,166620,2454254.853715,-4.88,3.383799,-1.0,-1,-1.0,-1,-1,-1,-1,-1,0,-1.0,Hamilton,2021ApJS..255....8R
262,166620,2454255.93985,-9.51,3.244497,-1.0,-1,-1.0,-1,-1,-1,-1,-1,0,-1.0,Hamilton,2021ApJS..255....8R
263,166620,2454311.767558,11.37,3.676215,-1.0,-1,-1.0,-1,-1,-1,-1,-1,0,-1.0,Hamilton,2021ApJS..255....8R
264,166620,2454373.669398,-1.74,3.55523,-1.0,-1,-1.0,-1,-1,-1,-1,-1,0,-1.0,Hamilton,2021ApJS..255....8R
265,166620,2454640.848634,0.91,3.43647,-1.0,-1,-1.0,-1,-1,-1,-1,-1,0,-1.0,Hamilton,2021ApJS..255....8R
266,166620,2454649.892824,2.3,3.479501,-1.0,-1,-1.0,-1,-1,-1,-1,-1,0,-1.0,Hamilton,2021ApJS..255....8R
267,166620,2454650.837049,7.96,3.338322,-1.0,-1,-1.0,-1,-1,-1,-1,-1,0,-1.0,Hamilton,2021ApJS..255....8R
268,166620,2454722.644838,-1.5,3.301857,-1.0,-1,-1.0,-1,-1,-1,-1,-1,0,-1.0,Hamilton,2021ApJS..255....8R
269,166620,2454997.846319,-9.31,7.104076,-1.0,-1,-1.0,-1,-1,-1,-1,-1,0,-1.0,Hamilton,2021ApJS..255....8R
270,166620,2454997.851354,0.95,7.044488,-1.0,-1,-1.0,-1,-1,-1,-1,-1,0,-1.0,Hamilton,2021ApJS..255....8R
271,166620,2454997.856447,-11.97,6.930734,-1.0,-1,-1.0,-1,-1,-1,-1,-1,0,-1.0,Hamilton,2021ApJS..255....8R
272,166620,2454997.861771,-3.67,6.450057,-1.0,-1,-1.0,-1,-1,-1,-1,-1,0,-1.0,Hamilton,2021ApJS..255....8R
273,166620,2454997.867836,-11.35,6.399425,-1.0,-1,-1.0,-1,-1,-1,-1,-1,0,-1.0,Hamilton,2021ApJS..255....8R
274,166620,2455019.88559,1.68,6.825848,-1.0,-1,-1.0,-1,-1,-1,-1,-1,0,-1.0,Hamilton,2021ApJS..255....8R
275,166620,2455019.891713,-5.41,6.148874,-1.0,-1,-1.0,-1,-1,-1,-1,-1,0,-1.0,Hamilton,2021ApJS..255....8R
276,166620,2455019.897303,1.59,6.747083,-1.0,-1,-1.0,-1,-1,-1,-1,-1,0,-1.0,Hamilton,2021ApJS..255....8R
277,166620,2455019.902627,-5.02,6.698722,-1.0,-1,-1.0,-1,-1,-1,-1,-1,0,-1.0,Hamilton,2021ApJS..255....8R
278,166620,2455019.90787,-3.84,6.351457,-1.0,-1,-1.0,-1,-1,-1,-1,-1,0,-1.0,Hamilton,2021ApJS..255....8R
279,166620,2455020.834421,-10.09,7.270623,-1.0,-1,-1.0,-1,-1,-1,-1,-1,0,-1.0,Hamilton,2021ApJS..255....8R
280,166620,2455020.840162,-11.71,6.528055,-1.0,-1,-1.0,-1,-1,-1,-1,-1,0,-1.0,Hamilton,2021ApJS..255....8R
281,166620,2455020.845926,-3.98,6.839612,-1.0,-1,-1.0,-1,-1,-1,-1,-1,0,-1.0,Hamilton,2021ApJS..255....8R
282,166620,2455020.852199,-3.25,6.343754,-1.0,-1,-1.0,-1,-1,-1,-1,-1,0,-1.0,Hamilton,2021ApJS..255....8R
283,166620,2455020.8589,-15.82,7.128141,-1.0,-1,-1.0,-1,-1,-1,-1,-1,0,-1.0,Hamilton,2021ApJS..255....8R
284,166620,2455053.688067,7.72,6.302153,-1.0,-1,-1.0,-1,-1,-1,-1,-1,0,-1.0,Hamilton,2021ApJS..255....8R
285,166620,2455053.693102,10.71,6.510428,-1.0,-1,-1.0,-1,-1,-1,-1,-1,0,-1.0,Hamilton,2021ApJS..255....8R
286,166620,2455053.698287,12.55,6.219201,-1.0,-1,-1.0,-1,-1,-1,-1,-1,0,-1.0,Hamilton,2021ApJS..255....8R
287,166620,2455053.704005,4.1,6.145826,-1.0,-1,-1.0,-1,-1,-1,-1,-1,0,-1.0,Hamilton,2021ApJS..255....8R
288,166620,2455053.709838,23.3,6.456996,-1.0,-1,-1.0,-1,-1,-1,-1,-1,0,-1.0,Hamilton,2021ApJS..255....8R
289,166620,2455114.614514,12.16,6.524449,-1.0,-1,-1.0,-1,-1,-1,-1,-1,0,-1.0,Hamilton,2021ApJS..255....8R
290,166620,2455115.62963,-11.04,6.776131,-1.0,-1,-1.0,-1,-1,-1,-1,-1,0,-1.0,Hamilton,2021ApJS..255....8R
0,166620,2456582.705076,1.87,1.273349,-1.0,-1,-1.0,-1,-1,-1,-1,-1,0,-1.0,Levy,2021ApJS..255....8R
1,166620,2456597.696307,-1.95,1.228686,-1.0,-1,-1.0,-1,-1,-1,-1,-1,0,-1.0,Levy,2021ApJS..255....8R
2,166620,2456740.884303,5.82,1.260517,-1.0,-1,-1.0,-1,-1,-1,-1,-1,0,-1.0,Levy,2021ApJS..255....8R
3,166620,2456804.995988,5.32,1.141947,-1.0,-1,-1.0,-1,-1,-1,-1,-1,0,-1.0,Levy,2021ApJS..255....8R
4,166620,2456825.916328,2.66,0.916429,-1.0,-1,-1.0,-1,-1,-1,-1,-1,0,-1.0,Levy,2021ApJS..255....8R
5,166620,2456841.924726,0.67,1.003809,-1.0,-1,-1.0,-1,-1,-1,-1,-1,0,-1.0,Levy,2021ApJS..255....8R
6,166620,2456843.80483,2.42,1.623674,-1.0,-1,-1.0,-1,-1,-1,-1,-1,0,-1.0,Levy,2021ApJS..255....8R
7,166620,2456847.826507,2.43,0.944495,-1.0,-1,-1.0,-1,-1,-1,-1,-1,0,-1.0,Levy,2021ApJS..255....8R
8,166620,2456852.799271,-3.82,1.000016,-1.0,-1,-1.0,-1,-1,-1,-1,-1,0,-1.0,Levy,2021ApJS..255....8R
9,166620,2456858.956416,8.73,1.259374,-1.0,-1,-1.0,-1,-1,-1,-1,-1,0,-1.0,Levy,2021ApJS..255....8R
10,166620,2456939.646202,-0.54,1.249368,-1.0,-1,-1.0,-1,-1,-1,-1,-1,0,-1.0,Levy,2021ApJS..255....8R
11,166620,2456939.691107,-0.45,1.194275,-1.0,-1,-1.0,-1,-1,-1,-1,-1,0,-1.0,Levy,2021ApJS..255....8R
12,166620,2457054.965595,1.0,0.981204,-1.0,-1,-1.0,-1,-1,-1,-1,-1,0,-1.0,Levy,2021ApJS..255....8R
13,166620,2457115.807881,1.31,1.080855,-1.0,-1,-1.0,-1,-1,-1,-1,-1,0,-1.0,Levy,2021ApJS..255....8R
14,166620,2457115.836366,0.06,1.047305,-1.0,-1,-1.0,-1,-1,-1,-1,-1,0,-1.0,Levy,2021ApJS..255....8R
15,166620,2457122.026198,1.13,0.912431,-1.0,-1,-1.0,-1,-1,-1,-1,-1,0,-1.0,Levy,2021ApJS..255....8R
16,166620,2457143.019573,-4.22,1.440343,-1.0,-1,-1.0,-1,-1,-1,-1,-1,0,-1.0,Levy,2021ApJS..255....8R
17,166620,2457143.021309,-5.27,1.411503,-1.0,-1,-1.0,-1,-1,-1,-1,-1,0,-1.0,Levy,2021ApJS..255....8R
18,166620,2457148.805249,-2.36,1.02765,-1.0,-1,-1.0,-1,-1,-1,-1,-1,0,-1.0,Levy,2021ApJS..255....8R
19,166620,2457148.987431,-4.31,1.339663,-1.0,-1,-1.0,-1,-1,-1,-1,-1,0,-1.0,Levy,2021ApJS..255....8R
20,166620,2457148.988936,-1.23,1.424412,-1.0,-1,-1.0,-1,-1,-1,-1,-1,0,-1.0,Levy,2021ApJS..255....8R
21,166620,2457148.990429,-0.57,1.321885,-1.0,-1,-1.0,-1,-1,-1,-1,-1,0,-1.0,Levy,2021ApJS..255....8R
22,166620,2457151.908504,-3.3,0.938788,-1.0,-1,-1.0,-1,-1,-1,-1,-1,0,-1.0,Levy,2021ApJS..255....8R
23,166620,2457151.976296,-1.15,1.291885,-1.0,-1,-1.0,-1,-1,-1,-1,-1,0,-1.0,Levy,2021ApJS..255....8R
24,166620,2457151.97772,2.21,1.381891,-1.0,-1,-1.0,-1,-1,-1,-1,-1,0,-1.0,Levy,2021ApJS..255....8R
25,166620,2457151.979109,-0.52,1.33546,-1.0,-1,-1.0,-1,-1,-1,-1,-1,0,-1.0,Levy,2021ApJS..255....8R
26,166620,2457154.012498,-1.82,1.423068,-1.0,-1,-1.0,-1,-1,-1,-1,-1,0,-1.0,Levy,2021ApJS..255....8R
27,166620,2457158.976969,0.48,1.37374,-1.0,-1,-1.0,-1,-1,-1,-1,-1,0,-1.0,Levy,2021ApJS..255....8R
28,166620,2457158.978589,-4.98,1.31105,-1.0,-1,-1.0,-1,-1,-1,-1,-1,0,-1.0,Levy,2021ApJS..255....8R
29,166620,2457158.980187,-3.68,1.382206,-1.0,-1,-1.0,-1,-1,-1,-1,-1,0,-1.0,Levy,2021ApJS..255....8R
30,166620,2457165.95135,3.99,1.482801,-1.0,-1,-1.0,-1,-1,-1,-1,-1,0,-1.0,Levy,2021ApJS..255....8R
31,166620,2457165.952843,3.25,1.343781,-1.0,-1,-1.0,-1,-1,-1,-1,-1,0,-1.0,Levy,2021ApJS..255....8R
32,166620,2457165.954359,2.82,1.401538,-1.0,-1,-1.0,-1,-1,-1,-1,-1,0,-1.0,Levy,2021ApJS..255....8R
33,166620,2457168.957244,2.81,1.205622,-1.0,-1,-1.0,-1,-1,-1,-1,-1,0,-1.0,Levy,2021ApJS..255....8R
34,166620,2457168.958887,4.79,1.1028,-1.0,-1,-1.0,-1,-1,-1,-1,-1,0,-1.0,Levy,2021ApJS..255....8R
35,166620,2457168.960531,1.1,1.137809,-1.0,-1,-1.0,-1,-1,-1,-1,-1,0,-1.0,Levy,2021ApJS..255....8R
36,166620,2457170.841256,2.04,1.263147,-1.0,-1,-1.0,-1,-1,-1,-1,-1,0,-1.0,Levy,2021ApJS..255....8R
37,166620,2457170.843085,1.21,1.161927,-1.0,-1,-1.0,-1,-1,-1,-1,-1,0,-1.0,Levy,2021ApJS..255....8R
38,166620,2457170.844983,-0.99,1.124803,-1.0,-1,-1.0,-1,-1,-1,-1,-1,0,-1.0,Levy,2021ApJS..255....8R
39,166620,2457176.93119,-0.5,1.46023,-1.0,-1,-1.0,-1,-1,-1,-1,-1,0,-1.0,Levy,2021ApJS..255....8R
40,166620,2457176.932926,-0.73,1.559853,-1.0,-1,-1.0,-1,-1,-1,-1,-1,0,-1.0,Levy,2021ApJS..255....8R
41,166620,2457176.934894,1.37,1.435239,-1.0,-1,-1.0,-1,-1,-1,-1,-1,0,-1.0,Levy,2021ApJS..255....8R
42,166620,2457178.904522,3.75,1.429818,-1.0,-1,-1.0,-1,-1,-1,-1,-1,0,-1.0,Levy,2021ApJS..255....8R
43,166620,2457178.905922,-2.1,1.371707,-1.0,-1,-1.0,-1,-1,-1,-1,-1,0,-1.0,Levy,2021ApJS..255....8R
44,166620,2457178.907357,-4.15,1.501244,-1.0,-1,-1.0,-1,-1,-1,-1,-1,0,-1.0,Levy,2021ApJS..255....8R
45,166620,2457179.92132,1.08,1.408858,-1.0,-1,-1.0,-1,-1,-1,-1,-1,0,-1.0,Levy,2021ApJS..255....8R
46,166620,2457179.922732,3.29,1.469836,-1.0,-1,-1.0,-1,-1,-1,-1,-1,0,-1.0,Levy,2021ApJS..255....8R
47,166620,2457179.924144,-2.31,1.428996,-1.0,-1,-1.0,-1,-1,-1,-1,-1,0,-1.0,Levy,2021ApJS..255....8R
48,166620,2457181.819577,2.38,1.139451,-1.0,-1,-1.0,-1,-1,-1,-1,-1,0,-1.0,Levy,2021ApJS..255....8R
49,166620,2457181.821509,-1.33,1.101379,-1.0,-1,-1.0,-1,-1,-1,-1,-1,0,-1.0,Levy,2021ApJS..255....8R
50,166620,2457181.823651,5.45,1.133023,-1.0,-1,-1.0,-1,-1,-1,-1,-1,0,-1.0,Levy,2021ApJS..255....8R
51,166620,2457181.901823,2.18,1.387448,-1.0,-1,-1.0,-1,-1,-1,-1,-1,0,-1.0,Levy,2021ApJS..255....8R
52,166620,2457181.903362,1.24,1.435959,-1.0,-1,-1.0,-1,-1,-1,-1,-1,0,-1.0,Levy,2021ApJS..255....8R
53,166620,2457181.904925,-1.21,1.343078,-1.0,-1,-1.0,-1,-1,-1,-1,-1,0,-1.0,Levy,2021ApJS..255....8R
54,166620,2457185.895286,3.79,1.416716,-1.0,-1,-1.0,-1,-1,-1,-1,-1,0,-1.0,Levy,2021ApJS..255....8R
55,166620,2457185.89693,1.03,1.4501,-1.0,-1,-1.0,-1,-1,-1,-1,-1,0,-1.0,Levy,2021ApJS..255....8R
56,166620,2457185.898597,2.96,1.577411,-1.0,-1,-1.0,-1,-1,-1,-1,-1,0,-1.0,Levy,2021ApJS..255....8R
57,166620,2457188.918105,0.49,1.147636,-1.0,-1,-1.0,-1,-1,-1,-1,-1,0,-1.0,Levy,2021ApJS..255....8R
58,166620,2457188.919957,0.52,1.140457,-1.0,-1,-1.0,-1,-1,-1,-1,-1,0,-1.0,Levy,2021ApJS..255....8R
59,166620,2457188.921693,-0.13,1.188546,-1.0,-1,-1.0,-1,-1,-1,-1,-1,0,-1.0,Levy,2021ApJS..255....8R
60,166620,2457189.904386,-3.0,1.34784,-1.0,-1,-1.0,-1,-1,-1,-1,-1,0,-1.0,Levy,2021ApJS..255....8R
61,166620,2457189.905879,-0.3,1.273017,-1.0,-1,-1.0,-1,-1,-1,-1,-1,0,-1.0,Levy,2021ApJS..255....8R
62,166620,2457189.90736,-1.91,1.307871,-1.0,-1,-1.0,-1,-1,-1,-1,-1,0,-1.0,Levy,2021ApJS..255....8R
63,166620,2457191.934643,3.24,1.004471,-1.0,-1,-1.0,-1,-1,-1,-1,-1,0,-1.0,Levy,2021ApJS..255....8R
64,166620,2457191.936309,-3.11,1.103383,-1.0,-1,-1.0,-1,-1,-1,-1,-1,0,-1.0,Levy,2021ApJS..255....8R
65,166620,2457191.937941,-1.8,1.142161,-1.0,-1,-1.0,-1,-1,-1,-1,-1,0,-1.0,Levy,2021ApJS..255....8R
66,166620,2457195.879059,4.23,1.1209,-1.0,-1,-1.0,-1,-1,-1,-1,-1,0,-1.0,Levy,2021ApJS..255....8R
67,166620,2457195.880587,1.03,1.205836,-1.0,-1,-1.0,-1,-1,-1,-1,-1,0,-1.0,Levy,2021ApJS..255....8R
68,166620,2457195.882138,-2.38,1.088287,-1.0,-1,-1.0,-1,-1,-1,-1,-1,0,-1.0,Levy,2021ApJS..255....8R
69,166620,2457196.892673,-4.35,1.165052,-1.0,-1,-1.0,-1,-1,-1,-1,-1,0,-1.0,Levy,2021ApJS..255....8R
70,166620,2457196.897488,-5.17,1.143787,-1.0,-1,-1.0,-1,-1,-1,-1,-1,0,-1.0,Levy,2021ApJS..255....8R
71,166620,2457202.818425,-2.52,1.007627,-1.0,-1,-1.0,-1,-1,-1,-1,-1,0,-1.0,Levy,2021ApJS..255....8R
72,166620,2457204.865027,3.65,1.168926,-1.0,-1,-1.0,-1,-1,-1,-1,-1,0,-1.0,Levy,2021ApJS..255....8R
73,166620,2457204.866867,2.44,1.242148,-1.0,-1,-1.0,-1,-1,-1,-1,-1,0,-1.0,Levy,2021ApJS..255....8R
74,166620,2457204.868812,-4.63,1.197558,-1.0,-1,-1.0,-1,-1,-1,-1,-1,0,-1.0,Levy,2021ApJS..255....8R
75,166620,2457206.843038,-2.4,1.500943,-1.0,-1,-1.0,-1,-1,-1,-1,-1,0,-1.0,Levy,2021ApJS..255....8R
76,166620,2457206.844659,0.88,1.496953,-1.0,-1,-1.0,-1,-1,-1,-1,-1,0,-1.0,Levy,2021ApJS..255....8R
77,166620,2457206.846395,-2.7,1.482976,-1.0,-1,-1.0,-1,-1,-1,-1,-1,0,-1.0,Levy,2021ApJS..255....8R
78,166620,2457207.823715,-1.6,1.027545,-1.0,-1,-1.0,-1,-1,-1,-1,-1,0,-1.0,Levy,2021ApJS..255....8R
79,166620,2457207.826088,-3.85,1.135731,-1.0,-1,-1.0,-1,-1,-1,-1,-1,0,-1.0,Levy,2021ApJS..255....8R
80,166620,2457207.82779,-3.12,1.159785,-1.0,-1,-1.0,-1,-1,-1,-1,-1,0,-1.0,Levy,2021ApJS..255....8R
81,166620,2457207.829572,-0.78,1.117,-1.0,-1,-1.0,-1,-1,-1,-1,-1,0,-1.0,Levy,2021ApJS..255....8R
82,166620,2457208.838084,2.41,1.47485,-1.0,-1,-1.0,-1,-1,-1,-1,-1,0,-1.0,Levy,2021ApJS..255....8R
83,166620,2457208.839774,3.17,1.541812,-1.0,-1,-1.0,-1,-1,-1,-1,-1,0,-1.0,Levy,2021ApJS..255....8R
84,166620,2457208.841382,-4.31,1.382805,-1.0,-1,-1.0,-1,-1,-1,-1,-1,0,-1.0,Levy,2021ApJS..255....8R
85,166620,2457211.836925,-0.94,1.408709,-1.0,-1,-1.0,-1,-1,-1,-1,-1,0,-1.0,Levy,2021ApJS..255....8R
86,166620,2457211.838453,-0.64,1.526539,-1.0,-1,-1.0,-1,-1,-1,-1,-1,0,-1.0,Levy,2021ApJS..255....8R
87,166620,2457211.840142,-3.94,1.393484,-1.0,-1,-1.0,-1,-1,-1,-1,-1,0,-1.0,Levy,2021ApJS..255....8R
88,166620,2457215.812646,-0.47,1.886458,-1.0,-1,-1.0,-1,-1,-1,-1,-1,0,-1.0,Levy,2021ApJS..255....8R
89,166620,2457217.828499,-2.01,1.536683,-1.0,-1,-1.0,-1,-1,-1,-1,-1,0,-1.0,Levy,2021ApJS..255....8R
90,166620,2457217.830339,1.56,1.564892,-1.0,-1,-1.0,-1,-1,-1,-1,-1,0,-1.0,Levy,2021ApJS..255....8R
91,166620,2457217.832052,-2.26,1.432957,-1.0,-1,-1.0,-1,-1,-1,-1,-1,0,-1.0,Levy,2021ApJS..255....8R
92,166620,2457218.815811,-2.65,1.353755,-1.0,-1,-1.0,-1,-1,-1,-1,-1,0,-1.0,Levy,2021ApJS..255....8R
93,166620,2457218.817154,0.96,1.422768,-1.0,-1,-1.0,-1,-1,-1,-1,-1,0,-1.0,Levy,2021ApJS..255....8R
94,166620,2457218.818496,-2.38,1.411597,-1.0,-1,-1.0,-1,-1,-1,-1,-1,0,-1.0,Levy,2021ApJS..255....8R
95,166620,2457220.800769,-2.25,1.353368,-1.0,-1,-1.0,-1,-1,-1,-1,-1,0,-1.0,Levy,2021ApJS..255....8R
96,166620,2457220.802193,4.26,1.462484,-1.0,-1,-1.0,-1,-1,-1,-1,-1,0,-1.0,Levy,2021ApJS..255....8R
97,166620,2457220.803651,-0.39,1.351085,-1.0,-1,-1.0,-1,-1,-1,-1,-1,0,-1.0,Levy,2021ApJS..255....8R
98,166620,2457221.800417,4.97,1.368695,-1.0,-1,-1.0,-1,-1,-1,-1,-1,0,-1.0,Levy,2021ApJS..255....8R
99,166620,2457221.801806,-1.93,1.342713,-1.0,-1,-1.0,-1,-1,-1,-1,-1,0,-1.0,Levy,2021ApJS..255....8R
100,166620,2457221.803218,1.32,1.329534,-1.0,-1,-1.0,-1,-1,-1,-1,-1,0,-1.0,Levy,2021ApJS..255....8R
101,166620,2457225.002316,5.34,1.689042,-1.0,-1,-1.0,-1,-1,-1,-1,-1,0,-1.0,Levy,2021ApJS..255....8R
102,166620,2457238.759013,0.3,1.289316,-1.0,-1,-1.0,-1,-1,-1,-1,-1,0,-1.0,Levy,2021ApJS..255....8R
103,166620,2457238.760425,2.1,1.427941,-1.0,-1,-1.0,-1,-1,-1,-1,-1,0,-1.0,Levy,2021ApJS..255....8R
104,166620,2457238.761837,-1.67,1.323596,-1.0,-1,-1.0,-1,-1,-1,-1,-1,0,-1.0,Levy,2021ApJS..255....8R
105,166620,2457243.972122,1.49,1.639699,-1.0,-1,-1.0,-1,-1,-1,-1,-1,0,-1.0,Levy,2021ApJS..255....8R
106,166620,2457243.973858,6.27,1.608774,-1.0,-1,-1.0,-1,-1,-1,-1,-1,0,-1.0,Levy,2021ApJS..255....8R
107,166620,2457243.975605,4.55,1.664842,-1.0,-1,-1.0,-1,-1,-1,-1,-1,0,-1.0,Levy,2021ApJS..255....8R
108,166620,2457249.729454,-1.58,1.407953,-1.0,-1,-1.0,-1,-1,-1,-1,-1,0,-1.0,Levy,2021ApJS..255....8R
109,166620,2457265.774821,2.87,1.494458,-1.0,-1,-1.0,-1,-1,-1,-1,-1,0,-1.0,Levy,2021ApJS..255....8R
110,166620,2457265.776627,4.62,1.664208,-1.0,-1,-1.0,-1,-1,-1,-1,-1,0,-1.0,Levy,2021ApJS..255....8R
111,166620,2457265.778456,-1.57,1.484321,-1.0,-1,-1.0,-1,-1,-1,-1,-1,0,-1.0,Levy,2021ApJS..255....8R
112,166620,2457305.724949,-1.26,1.516137,-1.0,-1,-1.0,-1,-1,-1,-1,-1,0,-1.0,Levy,2021ApJS..255....8R
113,166620,2457305.726604,3.23,1.583668,-1.0,-1,-1.0,-1,-1,-1,-1,-1,0,-1.0,Levy,2021ApJS..255....8R
114,166620,2457305.728248,-2.03,1.524882,-1.0,-1,-1.0,-1,-1,-1,-1,-1,0,-1.0,Levy,2021ApJS..255....8R
115,166620,2457334.668697,-1.8,1.403035,-1.0,-1,-1.0,-1,-1,-1,-1,-1,0,-1.0,Levy,2021ApJS..255....8R
116,166620,2457334.670224,3.71,1.400352,-1.0,-1,-1.0,-1,-1,-1,-1,-1,0,-1.0,Levy,2021ApJS..255....8R
117,166620,2457334.671717,-0.82,1.496612,-1.0,-1,-1.0,-1,-1,-1,-1,-1,0,-1.0,Levy,2021ApJS..255....8R
118,166620,2457425.07976,-4.69,1.367099,-1.0,-1,-1.0,-1,-1,-1,-1,-1,0,-1.0,Levy,2021ApJS..255....8R
119,166620,2457425.082943,-3.85,1.608919,-1.0,-1,-1.0,-1,-1,-1,-1,-1,0,-1.0,Levy,2021ApJS..255....8R
120,166620,2457427.032636,0.67,1.610977,-1.0,-1,-1.0,-1,-1,-1,-1,-1,0,-1.0,Levy,2021ApJS..255....8R
121,166620,2457427.034349,1.75,1.524216,-1.0,-1,-1.0,-1,-1,-1,-1,-1,0,-1.0,Levy,2021ApJS..255....8R
122,166620,2457427.036132,-0.96,1.455964,-1.0,-1,-1.0,-1,-1,-1,-1,-1,0,-1.0,Levy,2021ApJS..255....8R
123,166620,2457432.982833,-1.91,1.983573,-1.0,-1,-1.0,-1,-1,-1,-1,-1,0,-1.0,Levy,2021ApJS..255....8R
124,166620,2457432.984916,-4.43,1.766052,-1.0,-1,-1.0,-1,-1,-1,-1,-1,0,-1.0,Levy,2021ApJS..255....8R
125,166620,2457432.986884,-10.06,1.664754,-1.0,-1,-1.0,-1,-1,-1,-1,-1,0,-1.0,Levy,2021ApJS..255....8R
126,166620,2457443.957857,-10.3,1.444798,-1.0,-1,-1.0,-1,-1,-1,-1,-1,0,-1.0,Levy,2021ApJS..255....8R
127,166620,2457443.959466,-2.7,1.386167,-1.0,-1,-1.0,-1,-1,-1,-1,-1,0,-1.0,Levy,2021ApJS..255....8R
128,166620,2457443.961075,-5.16,1.473144,-1.0,-1,-1.0,-1,-1,-1,-1,-1,0,-1.0,Levy,2021ApJS..255....8R
129,166620,2457449.964016,0.97,1.408039,-1.0,-1,-1.0,-1,-1,-1,-1,-1,0,-1.0,Levy,2021ApJS..255....8R
130,166620,2457449.965486,6.02,1.32812,-1.0,-1,-1.0,-1,-1,-1,-1,-1,0,-1.0,Levy,2021ApJS..255....8R
131,166620,2457449.966932,-5.44,1.406268,-1.0,-1,-1.0,-1,-1,-1,-1,-1,0,-1.0,Levy,2021ApJS..255....8R
132,166620,2457466.956352,-2.72,1.463197,-1.0,-1,-1.0,-1,-1,-1,-1,-1,0,-1.0,Levy,2021ApJS..255....8R
133,166620,2457466.957834,-3.8,1.450083,-1.0,-1,-1.0,-1,-1,-1,-1,-1,0,-1.0,Levy,2021ApJS..255....8R
134,166620,2457466.95928,0.93,1.351273,-1.0,-1,-1.0,-1,-1,-1,-1,-1,0,-1.0,Levy,2021ApJS..255....8R
135,166620,2457471.871247,-2.44,1.679336,-1.0,-1,-1.0,-1,-1,-1,-1,-1,0,-1.0,Levy,2021ApJS..255....8R
136,166620,2457471.873226,2.67,1.618828,-1.0,-1,-1.0,-1,-1,-1,-1,-1,0,-1.0,Levy,2021ApJS..255....8R
137,166620,2457471.875205,0.76,1.665391,-1.0,-1,-1.0,-1,-1,-1,-1,-1,0,-1.0,Levy,2021ApJS..255....8R
138,166620,2457473.847069,0.61,1.835618,-1.0,-1,-1.0,-1,-1,-1,-1,-1,0,-1.0,Levy,2021ApJS..255....8R
139,166620,2457473.849222,-4.48,1.919058,-1.0,-1,-1.0,-1,-1,-1,-1,-1,0,-1.0,Levy,2021ApJS..255....8R
140,166620,2457473.851178,0.21,1.557572,-1.0,-1,-1.0,-1,-1,-1,-1,-1,0,-1.0,Levy,2021ApJS..255....8R
141,166620,2457476.981382,-2.31,1.102448,-1.0,-1,-1.0,-1,-1,-1,-1,-1,0,-1.0,Levy,2021ApJS..255....8R
142,166620,2457477.049094,0.77,1.113338,-1.0,-1,-1.0,-1,-1,-1,-1,-1,0,-1.0,Levy,2021ApJS..255....8R
143,166620,2457480.826689,3.67,1.5517,-1.0,-1,-1.0,-1,-1,-1,-1,-1,0,-1.0,Levy,2021ApJS..255....8R
144,166620,2457480.828217,-2.29,1.592697,-1.0,-1,-1.0,-1,-1,-1,-1,-1,0,-1.0,Levy,2021ApJS..255....8R
145,166620,2457480.829733,6.79,1.332871,-1.0,-1,-1.0,-1,-1,-1,-1,-1,0,-1.0,Levy,2021ApJS..255....8R
146,166620,2457482.808066,-2.26,1.656234,-1.0,-1,-1.0,-1,-1,-1,-1,-1,0,-1.0,Levy,2021ApJS..255....8R
147,166620,2457482.81045,-1.52,1.483821,-1.0,-1,-1.0,-1,-1,-1,-1,-1,0,-1.0,Levy,2021ApJS..255....8R
148,166620,2457482.812684,-7.65,1.550687,-1.0,-1,-1.0,-1,-1,-1,-1,-1,0,-1.0,Levy,2021ApJS..255....8R
149,166620,2457483.83508,-0.25,1.174306,-1.0,-1,-1.0,-1,-1,-1,-1,-1,0,-1.0,Levy,2021ApJS..255....8R
150,166620,2457497.000609,-2.13,1.346032,-1.0,-1,-1.0,-1,-1,-1,-1,-1,0,-1.0,Levy,2021ApJS..255....8R
151,166620,2457497.001975,-1.02,1.372827,-1.0,-1,-1.0,-1,-1,-1,-1,-1,0,-1.0,Levy,2021ApJS..255....8R
152,166620,2457497.003375,-4.42,1.292704,-1.0,-1,-1.0,-1,-1,-1,-1,-1,0,-1.0,Levy,2021ApJS..255....8R
153,166620,2457510.015762,-0.97,1.414227,-1.0,-1,-1.0,-1,-1,-1,-1,-1,0,-1.0,Levy,2021ApJS..255....8R
154,166620,2457510.017417,-0.83,1.52781,-1.0,-1,-1.0,-1,-1,-1,-1,-1,0,-1.0,Levy,2021ApJS..255....8R
155,166620,2457510.019049,-4.65,1.410332,-1.0,-1,-1.0,-1,-1,-1,-1,-1,0,-1.0,Levy,2021ApJS..255....8R
156,166620,2457520.972668,-3.16,1.151845,-1.0,-1,-1.0,-1,-1,-1,-1,-1,0,-1.0,Levy,2021ApJS..255....8R
157,166620,2457520.974601,-0.76,1.133643,-1.0,-1,-1.0,-1,-1,-1,-1,-1,0,-1.0,Levy,2021ApJS..255....8R
158,166620,2457520.97658,-6.4,1.141251,-1.0,-1,-1.0,-1,-1,-1,-1,-1,0,-1.0,Levy,2021ApJS..255....8R
159,166620,2457524.960497,-0.04,1.342855,-1.0,-1,-1.0,-1,-1,-1,-1,-1,0,-1.0,Levy,2021ApJS..255....8R
160,166620,2457524.962164,-6.49,1.709987,-1.0,-1,-1.0,-1,-1,-1,-1,-1,0,-1.0,Levy,2021ApJS..255....8R
161,166620,2457524.963842,0.7,1.407709,-1.0,-1,-1.0,-1,-1,-1,-1,-1,0,-1.0,Levy,2021ApJS..255....8R
162,166620,2457536.895486,-0.14,1.433899,-1.0,-1,-1.0,-1,-1,-1,-1,-1,0,-1.0,Levy,2021ApJS..255....8R
163,166620,2457536.896979,2.53,1.447987,-1.0,-1,-1.0,-1,-1,-1,-1,-1,0,-1.0,Levy,2021ApJS..255....8R
164,166620,2457536.898472,5.62,1.373266,-1.0,-1,-1.0,-1,-1,-1,-1,-1,0,-1.0,Levy,2021ApJS..255....8R
165,166620,2457539.956045,-1.98,1.431355,-1.0,-1,-1.0,-1,-1,-1,-1,-1,0,-1.0,Levy,2021ApJS..255....8R
166,166620,2457539.957562,-3.32,1.412184,-1.0,-1,-1.0,-1,-1,-1,-1,-1,0,-1.0,Levy,2021ApJS..255....8R
167,166620,2457539.959089,-0.2,1.373041,-1.0,-1,-1.0,-1,-1,-1,-1,-1,0,-1.0,Levy,2021ApJS..255....8R
168,166620,2457541.899206,0.15,1.419701,-1.0,-1,-1.0,-1,-1,-1,-1,-1,0,-1.0,Levy,2021ApJS..255....8R
169,166620,2457541.900803,-2.07,1.456701,-1.0,-1,-1.0,-1,-1,-1,-1,-1,0,-1.0,Levy,2021ApJS..255....8R
170,166620,2457541.9024,-2.08,1.313568,-1.0,-1,-1.0,-1,-1,-1,-1,-1,0,-1.0,Levy,2021ApJS..255....8R
171,166620,2457545.938044,0.03,1.271343,-1.0,-1,-1.0,-1,-1,-1,-1,-1,0,-1.0,Levy,2021ApJS..255....8R
172,166620,2457545.939514,1.59,1.234359,-1.0,-1,-1.0,-1,-1,-1,-1,-1,0,-1.0,Levy,2021ApJS..255....8R
173,166620,2457545.941019,-3.6,1.265705,-1.0,-1,-1.0,-1,-1,-1,-1,-1,0,-1.0,Levy,2021ApJS..255....8R
174,166620,2457549.859196,4.56,1.381425,-1.0,-1,-1.0,-1,-1,-1,-1,-1,0,-1.0,Levy,2021ApJS..255....8R
175,166620,2457549.860689,5.76,1.361193,-1.0,-1,-1.0,-1,-1,-1,-1,-1,0,-1.0,Levy,2021ApJS..255....8R
176,166620,2457549.86224,-4.07,1.551269,-1.0,-1,-1.0,-1,-1,-1,-1,-1,0,-1.0,Levy,2021ApJS..255....8R
177,166620,2457554.836397,0.13,1.029884,-1.0,-1,-1.0,-1,-1,-1,-1,-1,0,-1.0,Levy,2021ApJS..255....8R
178,166620,2457558.87339,-3.77,1.048426,-1.0,-1,-1.0,-1,-1,-1,-1,-1,0,-1.0,Levy,2021ApJS..255....8R
179,166620,2457560.85863,-1.71,0.996546,-1.0,-1,-1.0,-1,-1,-1,-1,-1,0,-1.0,Levy,2021ApJS..255....8R
180,166620,2457563.806645,1.38,1.091251,-1.0,-1,-1.0,-1,-1,-1,-1,-1,0,-1.0,Levy,2021ApJS..255....8R
181,166620,2457563.856298,3.46,1.003452,-1.0,-1,-1.0,-1,-1,-1,-1,-1,0,-1.0,Levy,2021ApJS..255....8R
182,166620,2457564.874053,0.31,1.323904,-1.0,-1,-1.0,-1,-1,-1,-1,-1,0,-1.0,Levy,2021ApJS..255....8R
183,166620,2457567.843946,-2.24,1.056597,-1.0,-1,-1.0,-1,-1,-1,-1,-1,0,-1.0,Levy,2021ApJS..255....8R
184,166620,2457570.832142,-4.67,0.994989,-1.0,-1,-1.0,-1,-1,-1,-1,-1,0,-1.0,Levy,2021ApJS..255....8R
185,166620,2457573.799741,-1.19,0.88717,-1.0,-1,-1.0,-1,-1,-1,-1,-1,0,-1.0,Levy,2021ApJS..255....8R
186,166620,2457575.825293,-4.31,0.965768,-1.0,-1,-1.0,-1,-1,-1,-1,-1,0,-1.0,Levy,2021ApJS..255....8R
187,166620,2457576.830712,-1.26,1.031852,-1.0,-1,-1.0,-1,-1,-1,-1,-1,0,-1.0,Levy,2021ApJS..255....8R
188,166620,2457578.841907,-0.68,1.129862,-1.0,-1,-1.0,-1,-1,-1,-1,-1,0,-1.0,Levy,2021ApJS..255....8R
189,166620,2457579.765196,-2.76,1.127398,-1.0,-1,-1.0,-1,-1,-1,-1,-1,0,-1.0,Levy,2021ApJS..255....8R
190,166620,2457579.811133,3.22,1.042993,-1.0,-1,-1.0,-1,-1,-1,-1,-1,0,-1.0,Levy,2021ApJS..255....8R
191,166620,2457581.798308,-2.7,1.040092,-1.0,-1,-1.0,-1,-1,-1,-1,-1,0,-1.0,Levy,2021ApJS..255....8R
192,166620,2457582.792299,0.41,0.983381,-1.0,-1,-1.0,-1,-1,-1,-1,-1,0,-1.0,Levy,2021ApJS..255....8R
193,166620,2457584.797247,-1.03,0.995303,-1.0,-1,-1.0,-1,-1,-1,-1,-1,0,-1.0,Levy,2021ApJS..255....8R
194,166620,2457586.748813,0.74,1.016146,-1.0,-1,-1.0,-1,-1,-1,-1,-1,0,-1.0,Levy,2021ApJS..255....8R
195,166620,2457586.793546,-1.76,0.905927,-1.0,-1,-1.0,-1,-1,-1,-1,-1,0,-1.0,Levy,2021ApJS..255....8R
196,166620,2457587.784733,0.89,0.98968,-1.0,-1,-1.0,-1,-1,-1,-1,-1,0,-1.0,Levy,2021ApJS..255....8R
197,166620,2457588.783778,0.84,0.940248,-1.0,-1,-1.0,-1,-1,-1,-1,-1,0,-1.0,Levy,2021ApJS..255....8R
198,166620,2457591.776186,-0.49,1.125824,-1.0,-1,-1.0,-1,-1,-1,-1,-1,0,-1.0,Levy,2021ApJS..255....8R
199,166620,2457593.774154,4.86,1.150242,-1.0,-1,-1.0,-1,-1,-1,-1,-1,0,-1.0,Levy,2021ApJS..255....8R
200,166620,2457599.765054,-0.47,1.021114,-1.0,-1,-1.0,-1,-1,-1,-1,-1,0,-1.0,Levy,2021ApJS..255....8R
201,166620,2457600.75614,1.27,1.092212,-1.0,-1,-1.0,-1,-1,-1,-1,-1,0,-1.0,Levy,2021ApJS..255....8R
202,166620,2457607.73983,1.12,0.968666,-1.0,-1,-1.0,-1,-1,-1,-1,-1,0,-1.0,Levy,2021ApJS..255....8R
203,166620,2457608.725771,-0.78,0.996318,-1.0,-1,-1.0,-1,-1,-1,-1,-1,0,-1.0,Levy,2021ApJS..255....8R
204,166620,2457611.73086,-1.68,1.017121,-1.0,-1,-1.0,-1,-1,-1,-1,-1,0,-1.0,Levy,2021ApJS..255....8R
205,166620,2457614.755261,1.49,1.002499,-1.0,-1,-1.0,-1,-1,-1,-1,-1,0,-1.0,Levy,2021ApJS..255....8R
206,166620,2457617.711407,2.11,1.107199,-1.0,-1,-1.0,-1,-1,-1,-1,-1,0,-1.0,Levy,2021ApJS..255....8R
207,166620,2457618.711116,-1.71,1.052972,-1.0,-1,-1.0,-1,-1,-1,-1,-1,0,-1.0,Levy,2021ApJS..255....8R
208,166620,2457633.715495,0.53,1.157088,-1.0,-1,-1.0,-1,-1,-1,-1,-1,0,-1.0,Levy,2021ApJS..255....8R
209,166620,2457670.694384,-2.53,1.084606,-1.0,-1,-1.0,-1,-1,-1,-1,-1,0,-1.0,Levy,2021ApJS..255....8R
210,166620,2457824.896151,-5.61,1.115782,-1.0,-1,-1.0,-1,-1,-1,-1,-1,0,-1.0,Levy,2021ApJS..255....8R
211,166620,2457826.930643,-2.27,0.976155,-1.0,-1,-1.0,-1,-1,-1,-1,-1,0,-1.0,Levy,2021ApJS..255....8R
212,166620,2457847.854942,3.63,1.02195,-1.0,-1,-1.0,-1,-1,-1,-1,-1,0,-1.0,Levy,2021ApJS..255....8R
213,166620,2457854.020108,-3.94,0.997776,-1.0,-1,-1.0,-1,-1,-1,-1,-1,0,-1.0,Levy,2021ApJS..255....8R
214,166620,2457858.990201,5.34,1.367775,-1.0,-1,-1.0,-1,-1,-1,-1,-1,0,-1.0,Levy,2021ApJS..255....8R
215,166620,2457859.032946,0.71,1.13741,-1.0,-1,-1.0,-1,-1,-1,-1,-1,0,-1.0,Levy,2021ApJS..255....8R
216,166620,2457872.885023,-4.42,1.044009,-1.0,-1,-1.0,-1,-1,-1,-1,-1,0,-1.0,Levy,2021ApJS..255....8R
217,166620,2457875.893158,-2.13,0.979446,-1.0,-1,-1.0,-1,-1,-1,-1,-1,0,-1.0,Levy,2021ApJS..255....8R
218,166620,2457881.834549,0.82,1.120441,-1.0,-1,-1.0,-1,-1,-1,-1,-1,0,-1.0,Levy,2021ApJS..255....8R
219,166620,2457881.957818,-1.3,0.938794,-1.0,-1,-1.0,-1,-1,-1,-1,-1,0,-1.0,Levy,2021ApJS..255....8R
220,166620,2457891.94932,-1.09,0.969511,-1.0,-1,-1.0,-1,-1,-1,-1,-1,0,-1.0,Levy,2021ApJS..255....8R
221,166620,2457903.86323,5.72,1.034202,-1.0,-1,-1.0,-1,-1,-1,-1,-1,0,-1.0,Levy,2021ApJS..255....8R
222,166620,2457903.999367,1.94,1.002094,-1.0,-1,-1.0,-1,-1,-1,-1,-1,0,-1.0,Levy,2021ApJS..255....8R
223,166620,2457921.819164,4.51,1.057401,-1.0,-1,-1.0,-1,-1,-1,-1,-1,0,-1.0,Levy,2021ApJS..255....8R
224,166620,2458210.847256,0.66,1.268502,-1.0,-1,-1.0,-1,-1,-1,-1,-1,0,-1.0,Levy,2021ApJS..255....8R
225,166620,2458240.971774,-0.12,1.033668,-1.0,-1,-1.0,-1,-1,-1,-1,-1,0,-1.0,Levy,2021ApJS..255....8R
226,166620,2458241.853646,-2.26,1.087638,-1.0,-1,-1.0,-1,-1,-1,-1,-1,0,-1.0,Levy,2021ApJS..255....8R
227,166620,2458250.922164,-3.86,0.982425,-1.0,-1,-1.0,-1,-1,-1,-1,-1,0,-1.0,Levy,2021ApJS..255....8R
228,166620,2458256.967288,0.69,1.078359,-1.0,-1,-1.0,-1,-1,-1,-1,-1,0,-1.0,Levy,2021ApJS..255....8R
229,166620,2458261.997919,-1.63,1.001905,-1.0,-1,-1.0,-1,-1,-1,-1,-1,0,-1.0,Levy,2021ApJS..255....8R
230,166620,2458270.912662,2.78,1.00228,-1.0,-1,-1.0,-1,-1,-1,-1,-1,0,-1.0,Levy,2021ApJS..255....8R
231,166620,2458270.993717,3.4,0.909919,-1.0,-1,-1.0,-1,-1,-1,-1,-1,0,-1.0,Levy,2021ApJS..255....8R
232,166620,2458273.951767,3.86,0.881299,-1.0,-1,-1.0,-1,-1,-1,-1,-1,0,-1.0,Levy,2021ApJS..255....8R
233,166620,2458275.999623,0.69,0.958992,-1.0,-1,-1.0,-1,-1,-1,-1,-1,0,-1.0,Levy,2021ApJS..255....8R
234,166620,2458289.885765,2.34,0.917638,-1.0,-1,-1.0,-1,-1,-1,-1,-1,0,-1.0,Levy,2021ApJS..255....8R
235,166620,2458291.782254,-0.35,1.066974,-1.0,-1,-1.0,-1,-1,-1,-1,-1,0,-1.0,Levy,2021ApJS..255....8R
236,166620,2458564.950669,0.08,1.152018,-1.0,-1,-1.0,-1,-1,-1,-1,-1,0,-1.0,Levy,2021ApJS..255....8R
237,166620,2458588.012463,-1.67,0.898736,-1.0,-1,-1.0,-1,-1,-1,-1,-1,0,-1.0,Levy,2021ApJS..255....8R
238,166620,2458588.012463,-1.67,0.898736,-1.0,-1,-1.0,-1,-1,-1,-1,-1,0,-1.0,Levy,2021ApJS..255....8R
239,166620,2458588.017011,-1.62,0.889062,-1.0,-1,-1.0,-1,-1,-1,-1,-1,0,-1.0,Levy,2021ApJS..255....8R
240,166620,2458588.017011,-1.62,0.889062,-1.0,-1,-1.0,-1,-1,-1,-1,-1,0,-1.0,Levy,2021ApJS..255....8R
241,166620,2458588.021456,-0.16,0.913379,-1.0,-1,-1.0,-1,-1,-1,-1,-1,0,-1.0,Levy,2021ApJS..255....8R
242,166620,2458588.021456,-0.16,0.913379,-1.0,-1,-1.0,-1,-1,-1,-1,-1,0,-1.0,Levy,2021ApJS..255....8R
1,166620,2457925.47918122,-19322.1054077148,1.26864,-1.0,-1,-1.0,-1,-1,-1,-1,-1,0,6617.21,SOPHIE-post,2004PASP..116..693M
