objname,ra,dec,bjd,rv,rv_err,fwhm,span,maxcpp,contrast,lines,sn26
HD158633,261.268349529677,67.3487975422664,2457611.39058878,-38463.6383056641,1.02847,6541.32,-1.66667,3646,29.2681,6988,109.469
HD158633,261.268349529677,67.3487975422664,2457285.33626038,-38463.287353515596,1.68453,6524.21,-4.5,2393,28.9285,6991,89.1062
HD158633,261.268349529677,67.3487975422664,2456876.40861049,-38471.1799621582,0.950746,6532.02,0.0,4276,28.9367,6988,120.578
HD158633,261.268349529677,67.3487975422664,2456640.29225797,-38470.0927734375,0.810859,6628.96,-4.33333,5680,28.8139,6996,147.131
HD158633,261.268349529677,67.3487975422664,2457165.53991248,-38465.4197692871,0.7013349999999999,6570.89,1.0,7547,29.5148,6985,159.812
HD158633,261.268349529677,67.3487975422664,2457198.49854894,-38461.5478515625,0.705283,6556.18,3.0,7441,29.5572,6985,159.197
HD158633,261.268349529677,67.3487975422664,2457982.35202351,-38465.9423828125,0.527018,6507.31,-2.0,12441,29.9714,6991,203.576
HD158633,261.268349529677,67.3487975422664,2456926.44842457,-38465.2557373047,0.747004,6711.58,-8.33333,6478,28.1226,6991,172.962
HD158633,261.268349529677,67.3487975422664,2457925.43041044,-38468.2769775391,0.6450349999999999,6516.15,-2.16667,8568,29.7602,6986,169.246
HD158633,261.268349529677,67.3487975422664,2456876.41325168,-38468.2350158691,0.9131830000000001,6544.150000000001,3.5,4610,28.9646,6988,125.391
HD158633,261.268349529677,67.3487975422664,2457315.26150754,-38469.0704345703,0.942326,6593.05,-3.3333299999999997,4360,29.0055,6993,126.642
HD158633,261.268349529677,67.3487975422664,2456591.25291471,-38471.8360900879,0.79536,6541.8,0.333333,5781,29.3277,6993,139.912
HD158633,261.268349529677,67.3487975422664,2457260.41398841,-38466.2475585938,0.724904,6600.42,-7.666670000000001,7116,29.0536,6990,165.293
HD158633,261.268349529677,67.3487975422664,2457948.53198935,-38466.6481018066,0.704717,6509.8,-1.0,7338,29.656,6986,156.278
HD158633,261.268349529677,67.3487975422664,2457196.46293552,-38461.799621582,0.662624,6553.72,-1.16667,8327,29.5948,6985,168.083
HD158633,261.268349529677,67.3487975422664,2457930.42629639,-38469.2535400391,0.653575,6505.410000000001,-0.833333,8411,29.8513,6986,166.032
HD158633,261.268349529677,67.3487975422664,2456718.62897101,-38543.7889099121,0.6417499999999999,9269.78,-33.1667,17921,32.4002,4761,255.143
HD158633,261.268349529677,67.3487975422664,2457715.26952565,-38481.1859130859,3.9491300000000003,6521.15,-11.8333,575,27.5837,6998,39.8526
HD158633,261.268349529677,67.3487975422664,2456694.70430328,-38482.8453063965,0.989062,6565.78,3.8333299999999997,4014,29.0631,6993,115.496
HD158633,261.268349529677,67.3487975422664,2456785.56832922,-38466.30859375,0.958754,6570.299999999999,7.10543e-12,4309,28.884,6986,121.447
HD158633,261.268349529677,67.3487975422664,2457200.43838758,-38460.5369567871,0.750494,6552.900000000001,1.66667,6611,29.554,6985,149.209
HD158633,261.268349529677,67.3487975422664,2456592.24915779,-38472.705841064504,0.7527980000000001,6533.299999999999,2.5,6427,29.4518,6994,146.87
HD158633,261.268349529677,67.3487975422664,2456642.25538334,-38476.8142700195,1.6227399999999998,6558.04,-0.666667,2616,28.6404,6996,93.6716
HD158633,261.268349529677,67.3487975422664,2457199.45465467,-38463.9472961426,0.785125,6553.4400000000005,-0.166667,6076,29.48,6985,143.132
HD158633,261.268349529677,67.3487975422664,2456641.22116409,-38473.9532470703,1.61772,6557.5,-0.166667,2659,28.731,6996,93.662
HD158633,261.268349529677,67.3487975422664,2457930.55333271,-38466.4421081543,0.49935599999999997,6506.070000000001,3.16667,14009,30.0171,6986,216.281
HD158633,261.268349529677,67.3487975422664,2458639.47047611,-38464.8513793945,0.503106,6522.36,-3.66667,13842,29.8357,6987,217.076
HD158633,261.268349529677,67.3487975422664,2457983.38609559,-38457.9048156738,0.465735,6501.68,-2.33333,15929,30.0814,6991,229.716
HD158633,261.268349529677,67.3487975422664,2456588.26992666,-38593.4829711914,20.7706,6629.120000000001,-205.0,140,15.9067,6993,13.2479
HD158633,261.268349529677,67.3487975422664,2457613.38870896,-38466.3429260254,0.52125,6549.7699999999995,-0.666667,12939,29.8127,6988,209.156
HD158633,261.268349529677,67.3487975422664,2456788.5635329,-38467.9946899414,0.841353,6570.04,0.166667,5394,29.1019,6985,136.126
HD158633,261.268349529677,67.3487975422664,2457837.61233052,-38469.4137573242,0.681519,6509.490000000001,-5.16667,7763,29.8159,6991,160.671
HD158633,261.268349529677,67.3487975422664,2457984.48369776,-38478.4927368164,4.259480000000001,6494.24,8.83333,545,26.2668,6991,38.7214
HD158633,261.268349529677,67.3487975422664,2457310.30615225,-38465.2938842773,1.61867,6517.57,-7.33333,2640,28.9333,6993,92.6691
HD158633,261.268349529677,67.3487975422664,2456786.54274528,-38466.8045043945,0.779823,6581.96,0.666667,6225,29.1332,6986,147.24
HD158633,261.268349529677,67.3487975422664,2457597.42956761,-38463.7451171875,0.726186,6548.47,-1.66667,6903,29.6354,6986,152.131
HD158633,261.268349529677,67.3487975422664,2457167.50653288,-38465.1832580566,0.638548,6567.31,-3.66667,9023,29.5771,6985,174.665
HD158633,261.268349529677,67.3487975422664,2456874.44197288,-38468.4028625488,1.57222,6552.4,-8.0,2807,28.3717,6986,97.555
HD158633,261.268349529677,67.3487975422664,2457612.4487922,-38465.5647277832,0.5106,6550.77,-1.42109e-11,13460,29.8015,6988,214.703
HD158633,261.268349529677,67.3487975422664,2457615.40439891,-38464.1456604004,0.5540080000000001,6545.4800000000005,-3.5,11541,29.7807,6988,197.662
HD158633,261.268349529677,67.3487975422664,2456969.22794336,-38470.3254699707,0.7416290000000001,6594.16,-6.33333,6755,29.0689,6995,159.322
HD158633,261.268349529677,67.3487975422664,2457343.22685792,-38466.4268493652,0.73758,6624.94,-7.0,6717,29.2013,6994,163.891
HD158633,261.268349529677,67.3487975422664,2457951.6105168,-38459.415435791,0.522799,6531.889999999999,-3.0,12493,29.7493,6986,208.936
HD158633,261.268349529677,67.3487975422664,2456927.31885464,-38465.8432006836,0.676585,6551.55,-3.8333299999999997,8125,29.3592,6991,170.13
HD158633,261.268349529677,67.3487975422664,2457654.32628971,-38465.6372070312,0.546581,6572.2,0.833333,11919,29.5845,6990,203.836
HD158633,261.268349529677,67.3487975422664,2457093.69008,-38466.5870666504,1.00966,6567.55,5.5,3931,28.9384,6991,113.689
HD158633,261.268349529677,67.3487975422664,2456873.40034419,-38453.6361694336,0.823157,6546.11,0.166667,5589,29.1248,6986,138.509
HD158633,261.268349529677,67.3487975422664,2457950.60858849,-38464.7407531738,0.567363,6523.31,-3.0,10676,29.7441,6986,192.143
HD158633,261.268349529677,67.3487975422664,2457601.39772481,-38474.5025634766,1.85972,6530.95,3.3333299999999997,2012,29.1524,6987,80.1338
HD158633,261.268349529677,67.3487975422664,2456926.35168827,-38466.4115905762,0.6709930000000001,6592.11,-4.5,8163,29.0717,6991,176.103
HD158633,261.268349529677,67.3487975422664,2457618.47232105,-38468.9483642578,0.595229,6572.33,-0.666667,9881,29.5142,6988,187.396
HD158633,261.268349529677,67.3487975422664,2457346.2841212,-38475.513458252004,2.68627,6632.469999999999,3.8333299999999997,930,27.3207,6994,59.6548
HD158633,261.268349529677,67.3487975422664,2456875.4215648,-38468.4638977051,1.09441,6528.780000000001,-6.5,3348,28.693,6987,105.756
HD158633,261.268349529677,67.3487975422664,2457984.35652206,-38462.8105163574,0.690486,6505.410000000001,0.833333,7638,29.3147,6991,159.236
HD158633,261.268349529677,67.3487975422664,2457621.46307987,-38465.911865234404,0.871557,6567.67,2.66667,4801,29.2956,6988,128.823
HD158633,261.268349529677,67.3487975422664,2457716.22832772,-38477.6496887207,93.05080000000001,7403.41,320.33299999999997,66,7.81255,6998,6.36285
HD158633,261.268349529677,67.3487975422664,2457619.52914787,-38468.212127685496,0.746819,6592.55,2.66667,6334,29.2256,6988,150.707
HD158633,261.268349529677,67.3487975422664,2457982.38441928,-38466.438293457,0.5241790000000001,6505.02,-2.66667,12556,29.9475,6991,205.232
HD158633,261.268349529677,67.3487975422664,2457614.38624141,-38468.9254760742,0.590804,6544.31,-0.166667,10225,29.7301,6988,186.216
HD158633,261.268349529677,67.3487975422664,2456968.25527608,-38466.2742614746,0.839924,6577.29,-4.16667,5372,29.0715,6995,139.886
HD158633,261.268349529677,67.3487975422664,2457310.29079339,-38463.6306762695,1.83684,6504.660000000001,-6.0,2146,28.8352,6993,81.8591
HD158633,261.268349529677,67.3487975422664,2457983.33905864,-38462.5282287598,0.48261099999999996,6502.3,3.0,14900,30.0762,6991,221.419
HD158633,261.268349529677,67.3487975422664,2457622.48826352,-38464.7445678711,1.0567,6559.280000000001,-8.83333,3440,29.2074,6988,107.741
HD158633,261.268349529677,67.3487975422664,2456590.24927583,-38470.6954956055,0.661416,6538.0599999999995,-1.66667,8241,29.5418,6993,167.869
HD158633,261.268349529677,67.3487975422664,2456875.41694676,-38467.681884765596,1.09643,6529.87,0.666667,3334,28.6947,6987,105.213
HD158633,261.268349529677,67.3487975422664,2456924.3962215,-38471.0693359375,1.8268799999999998,6571.150000000001,5.33333,2118,27.4109,6991,87.0237
HD158633,261.268349529677,67.3487975422664,2456641.22906923,-38470.916748046904,0.963711,6565.629999999999,-1.83333,4156,29.0021,6996,118.51
HD158633,261.268349529677,67.3487975422664,2456927.36850752,-38465.5990600586,0.6105830000000001,6598.0,-1.16667,9785,29.142,6991,193.807
HD158633,261.268349529677,67.3487975422664,2456740.65494879,-38471.6033935547,0.7408210000000001,6567.95,-2.66667,6929,29.2115,6990,153.163
HD158633,261.268349529677,67.3487975422664,2457925.58645121,-38466.30859375,0.731655,6527.42,0.166667,6726,29.5621,6986,151.39
HD158633,261.268349529677,67.3487975422664,2457598.46437863,-38466.156005859404,0.5837169999999999,6556.89,2.16667,10384,29.7353,6986,188.437
HD158633,261.268349529677,67.3487975422664,2457168.53288099,-38475.7766723633,2.14058,6528.1,-1.33333,1629,28.6057,6985,70.9345
HD158633,261.268349529677,67.3487975422664,2457606.52397012,-38466.7091369629,1.87816,6520.97,3.5,2039,28.7673,6987,80.348
HD158633,261.268349529677,67.3487975422664,2457283.31701004,-38461.9216918945,0.886041,6517.31,0.333333,4887,29.4002,6991,126.276
HD158633,261.268349529677,67.3487975422664,2457716.21816563,-38526.4205932617,10.4762,6437.25,-4.0,186,22.4437,6998,18.3443
HD158633,261.268349529677,67.3487975422664,2456739.6620803,-38472.599029541,0.8705740000000001,6563.150000000001,7.0,5135,29.0474,6990,130.899
HD158633,261.268349529677,67.3487975422664,2457928.43619186,-38465.770721435496,0.532481,6522.57,2.8333299999999997,12152,29.8466,6986,203.576
HD158633,261.268349529677,67.3487975422664,2456873.40495066,-38453.8040161133,0.830153,6550.469999999999,-3.16667,5496,29.0679,6986,137.762
HD158633,261.268349529677,67.3487975422664,2457312.26165745,-38467.6780700684,0.757549,6580.7,-7.33333,6508,29.163,6993,154.471
HD158633,261.268349529677,67.3487975422664,2456787.52665199,-38471.9886779785,1.03133,6564.14,3.8333299999999997,3753,28.8437,6986,111.997
HD158633,261.268349529677,67.3487975422664,2456638.24384266,-38472.2785949707,0.764663,6569.19,3.5,6371,29.2957,6996,147.839
HD158633,261.268349529677,67.3487975422664,2456970.25677998,-38471.1265563965,0.676114,6613.25,-2.8333299999999997,8102,29.0637,6995,177.407
HD158633,261.268349529677,67.3487975422664,2457928.52023074,-38464.5195007324,0.602611,6529.099999999999,1.5,9515,29.6999,6986,180.853
HD158633,261.268349529677,67.3487975422664,2456783.53254141,-38465.6372070312,0.7219979999999999,6576.52,3.5,7279,29.3039,6986,158.232
HD158633,261.268349529677,67.3487975422664,2456874.44659092,-38472.900390625,1.02308,6547.97,-8.33333,3740,28.6877,6986,113.867
